,#,Name,Type 1,Type 2,Total,HP,Attack,Defense,Sp. Atk,Sp. Def,Speed,Generation,Legendary,Double type,Combination type,cat,Attack index,Defense index,Strength index
157,145,Zapdos,Electric,Flying,580,90,90,85,125,90,100,1,True,True,Electric/Flying,33,1188.5,997.0,2270.7
704,642,ThundurusIncarnate Forme,Electric,Flying,580,79,115,70,125,80,111,5,True,True,Electric/Flying,33,1188.5,997.0,2270.7
705,642,ThundurusTherian Forme,Electric,Flying,580,79,105,70,145,80,101,5,True,True,Electric/Flying,33,1188.5,997.0,2270.7
424,383,GroudonPrimal Groudon,Ground,Fire,770,100,180,160,150,90,90,3,True,True,Ground/Fire,81,1215.0,1135.0,2156.0
532,479,RotomHeat Rotom,Electric,Fire,520,50,65,107,105,107,86,4,False,True,Electric/Fire,32,1217.5,1019.5,2069.6
535,479,RotomFan Rotom,Electric,Flying,520,50,65,107,105,107,86,4,False,True,Electric/Flying,33,1188.5,997.0,2035.8
707,644,Zekrom,Dragon,Electric,680,100,150,120,120,100,90,5,True,True,Dragon/Electric,22,1060.0,967.5,1989.0
426,384,RayquazaMega Rayquaza,Dragon,Flying,780,105,180,100,180,100,115,3,True,True,Dragon/Flying,25,1055.5,1004.5,1957.8
333,306,AggronMega Aggron,Steel,,630,70,140,230,60,80,50,3,False,False,Steel,130,866.5,766.0,1893.15
262,243,Raikou,Electric,,580,90,85,75,115,100,115,2,True,False,Electric,29,965.0,845.5,1853.1
339,310,ManectricMega Manectric,Electric,,575,70,75,80,135,80,135,3,False,False,Electric,29,965.0,845.5,1837.125
513,462,Magnezone,Electric,Steel,535,70,70,115,130,90,60,4,False,True,Electric/Steel,38,1111.5,969.0,1832.375
422,382,KyogrePrimal Kyogre,Water,,770,100,150,90,180,160,90,3,True,False,Water,139,920.5,887.0,1797.95
140,130,Gyarados,Water,Flying,540,95,125,79,60,100,81,1,False,True,Water/Flying,145,1164.0,1032.0,1792.8
196,181,AmpharosMega Ampharos,Electric,Dragon,610,90,95,105,165,110,45,2,False,True,Electric/Dragon,30,1060.0,967.5,1784.25
409,373,SalamenceMega Salamence,Dragon,Flying,700,95,145,130,120,90,120,3,False,True,Dragon/Flying,25,1055.5,1004.5,1757.0
232,214,HeracrossMega Heracross,Bug,Fighting,600,80,185,115,40,105,75,2,False,True,Bug/Fighting,2,1211.5,1120.0,1749.0
416,379,Registeel,Steel,,580,80,75,150,75,150,50,3,True,False,Steel,130,866.5,766.0,1742.9
534,479,RotomFrost Rotom,Electric,Ice,520,50,65,107,105,107,86,4,False,True,Electric/Ice,36,1191.0,1056.0,1742.0
517,466,Electivire,Electric,,540,75,123,67,95,85,95,4,False,False,Electric,29,965.0,845.5,1725.3
533,479,RotomWash Rotom,Electric,Water,520,50,65,107,105,107,86,4,False,True,Electric/Water,39,1137.5,1006.5,1721.2
703,641,TornadusTherian Forme,Flying,,580,79,100,80,110,90,121,5,True,False,Flying,57,984.0,888.0,1716.8
702,641,TornadusIncarnate Forme,Flying,,580,79,115,70,125,80,111,5,True,False,Flying,57,984.0,888.0,1716.8
156,144,Articuno,Ice,Flying,580,90,85,100,95,125,85,1,True,True,Ice/Flying,88,1181.5,1086.0,1713.9
792,716,Xerneas,Fairy,,680,126,131,95,131,98,99,6,True,False,Fairy,40,923.5,872.5,1706.8
425,384,Rayquaza,Dragon,Flying,680,105,150,90,150,90,95,3,True,True,Dragon/Flying,25,1055.5,1004.5,1706.8
708,645,LandorusIncarnate Forme,Ground,Flying,600,89,125,90,115,80,101,5,True,True,Ground/Flying,82,1218.0,1136.0,1692.0
709,645,LandorusTherian Forme,Ground,Flying,600,89,145,90,105,80,91,5,True,True,Ground/Flying,82,1218.0,1136.0,1692.0
531,479,Rotom,Electric,Ghost,440,50,50,77,95,77,91,4,False,True,Electric/Ghost,34,1140.0,956.0,1689.6
146,135,Jolteon,Electric,,525,65,65,60,110,95,130,1,False,False,Electric,29,965.0,845.5,1677.375
648,587,Emolga,Electric,Flying,428,55,75,60,75,60,103,5,False,True,Electric/Flying,33,1188.5,997.0,1675.62
657,596,Galvantula,Bug,Electric,472,70,77,60,97,60,108,5,False,True,Bug/Electric,1,1217.0,1062.0,1675.6
450,405,Luxray,Electric,,523,80,120,79,95,79,70,4,False,False,Electric,29,965.0,845.5,1670.985
797,720,HoopaHoopa Confined,Psychic,Ghost,600,80,110,60,150,130,70,6,True,True,Psychic/Ghost,115,1033.0,955.0,1668.0
137,127,PinsirMega Pinsir,Bug,Flying,600,65,155,120,65,90,105,1,False,True,Bug/Flying,4,1129.5,1054.0,1653.0
679,618,Stunfisk,Ground,Electric,471,109,66,84,81,99,32,5,False,True,Ground/Electric,80,1236.5,1086.5,1648.5
665,604,Eelektross,Electric,,515,85,115,80,105,80,50,5,False,False,Electric,29,965.0,845.5,1645.425
771,701,Hawlucha,Fighting,Flying,500,78,92,75,74,63,118,6,False,True,Fighting/Flying,44,1260.0,1132.5,1637.5
163,150,MewtwoMega Mewtwo X,Psychic,Fighting,780,106,190,100,154,100,130,1,True,True,Psychic/Fighting,112,1166.0,1157.0,1630.2
195,181,Ampharos,Electric,,510,90,75,85,115,90,55,2,False,False,Electric,29,965.0,845.5,1629.45
772,702,Dedenne,Electric,Fairy,431,67,58,57,81,67,101,6,False,True,Electric/Fairy,31,1143.0,973.0,1594.7
89,82,Magneton,Electric,Steel,465,50,60,95,120,70,70,1,False,True,Electric/Steel,38,1111.5,969.0,1592.625
582,523,Zebstrika,Electric,,497,75,100,63,80,63,116,5,False,False,Electric,29,965.0,845.5,1587.915
642,581,Swanna,Water,Flying,473,75,87,63,87,63,98,5,False,True,Water/Flying,145,1164.0,1032.0,1570.36
354,323,CameruptMega Camerupt,Fire,Ground,560,70,120,100,145,105,20,3,False,True,Fire/Ground,51,1215.0,1135.0,1568.0
387,354,BanetteMega Banette,Ghost,,555,64,165,75,93,83,75,3,False,False,Ghost,59,869.0,786.5,1567.875
134,125,Electabuzz,Electric,,490,65,83,57,95,85,105,1,False,False,Electric,29,965.0,845.5,1565.55
421,382,Kyogre,Water,,670,100,100,90,150,140,90,3,True,False,Water,139,920.5,887.0,1564.45
793,717,Yveltal,Dark,Flying,680,126,131,95,131,98,99,6,True,True,Dark/Flying,16,1124.0,1094.0,1564.0
662,601,Klinklang,Steel,,520,60,100,115,70,85,90,5,False,False,Steel,130,866.5,766.0,1562.6
473,426,Drifblim,Ghost,Flying,498,150,80,44,90,54,80,4,False,True,Ghost/Flying,63,1124.0,1011.5,1556.25
31,26,Raichu,Electric,,485,60,90,55,90,80,110,1,False,False,Electric,29,965.0,845.5,1549.575
244,226,Mantine,Water,Flying,465,65,40,70,80,140,70,2,False,True,Water/Flying,145,1164.0,1032.0,1543.8
109,101,Electrode,Electric,,480,60,50,70,80,80,140,1,False,False,Electric,29,965.0,845.5,1533.6
185,171,Lanturn,Water,Electric,460,125,58,58,76,76,67,2,False,True,Water/Electric,142,1137.5,1006.5,1522.6
504,454,Toxicroak,Poison,Fighting,490,83,106,65,86,65,85,4,False,True,Poison/Fighting,105,1179.5,1069.5,1519.0
338,310,Manectric,Electric,,475,70,75,60,105,60,105,3,False,False,Electric,29,965.0,845.5,1517.625
512,461,Weavile,Dark,Ice,510,70,120,65,45,85,125,4,False,True,Dark/Ice,18,1191.0,1095.0,1509.6
161,149,Dragonite,Dragon,Flying,600,91,134,95,100,100,80,1,False,True,Dragon/Flying,25,1055.5,1004.5,1506.0
408,373,Salamence,Dragon,Flying,600,95,135,80,110,80,100,3,False,True,Dragon/Flying,25,1055.5,1004.5,1506.0
551,492,ShayminSky Forme,Grass,Flying,600,100,103,75,120,75,127,4,True,True,Grass/Flying,71,1210.5,1160.5,1500.0
423,383,Groudon,Ground,,670,100,150,140,100,90,90,3,True,False,Ground,77,1031.5,1008.0,1497.45
530,478,Froslass,Ice,Ghost,480,70,80,70,80,70,110,4,False,True,Ice/Ghost,89,1191.0,1082.0,1483.2
529,477,Dusknoir,Ghost,,525,45,100,135,65,135,45,4,False,False,Ghost,59,869.0,786.5,1483.125
519,468,Togekiss,Fairy,Flying,545,85,50,95,120,115,80,4,False,True,Fairy/Flying,41,1097.5,1025.5,1482.4
12,9,BlastoiseMega Blastoise,Water,,630,79,103,120,135,115,78,1,False,False,Water,139,920.5,887.0,1471.05
102,94,GengarMega Gengar,Ghost,Poison,600,60,65,80,170,95,130,1,False,True,Ghost/Poison,65,1049.0,1005.5,1461.0
231,214,Heracross,Bug,Fighting,500,80,125,75,40,95,85,2,False,True,Bug/Fighting,2,1211.5,1120.0,1457.5
765,695,Heliolisk,Electric,Normal,481,62,55,52,109,94,109,6,False,True,Electric/Normal,37,1020.0,920.0,1443.0
523,472,Gliscor,Ground,Flying,510,75,95,125,45,75,95,4,False,True,Ground/Flying,82,1218.0,1136.0,1438.2
270,250,Ho-oh,Fire,Flying,680,106,130,90,110,154,90,2,True,True,Fire/Flying,50,1076.5,1066.0,1431.4
302,279,Pelipper,Water,Flying,430,60,50,100,85,70,65,3,False,True,Water/Flying,145,1164.0,1032.0,1427.6
520,469,Yanmega,Bug,Flying,515,86,76,86,116,56,95,4,False,True,Bug/Flying,4,1129.5,1054.0,1418.825
494,445,GarchompMega Garchomp,Dragon,Ground,700,108,170,115,120,95,92,4,False,True,Dragon/Ground,26,1113.0,1112.5,1403.5
548,490,Manaphy,Water,,600,100,100,100,100,100,100,4,False,False,Water,139,920.5,887.0,1401.0
524,473,Mamoswine,Ice,Ground,530,110,130,80,70,60,80,4,False,True,Ice/Ground,90,1292.0,1228.0,1399.2
477,429,Mismagius,Ghost,,495,60,60,60,105,105,105,4,False,False,Ghost,59,869.0,786.5,1398.375
714,647,KeldeoResolute Forme,Water,Fighting,580,91,72,90,129,90,108,5,False,True,Water/Fighting,144,1185.0,1145.0,1392.0
713,647,KeldeoOrdinary Forme,Water,Fighting,580,91,72,90,129,90,108,5,False,True,Water/Fighting,144,1185.0,1145.0,1392.0
739,671,Florges,Fairy,,552,78,65,68,112,154,75,6,False,False,Fairy,40,923.5,872.5,1385.52
717,649,Genesect,Bug,Steel,600,71,120,95,120,95,99,5,False,True,Bug/Steel,10,1120.0,1089.5,1383.0
229,212,ScizorMega Scizor,Bug,Steel,600,70,150,140,65,100,75,2,False,True,Bug/Steel,10,1120.0,1089.5,1383.0
279,257,BlazikenMega Blaziken,Fire,Fighting,630,80,160,80,130,80,100,3,False,True,Fire/Fighting,49,1221.0,1201.5,1382.85
132,123,Scyther,Bug,Flying,500,70,110,80,55,80,105,1,False,True,Bug/Flying,4,1129.5,1054.0,1377.5
602,542,Leavanny,Bug,Grass,500,75,103,80,70,80,92,5,False,True,Bug/Grass,6,1192.5,1119.5,1365.0
624,563,Cofagrigus,Ghost,,483,58,50,145,95,105,30,5,False,False,Ghost,59,869.0,786.5,1364.475
541,484,Palkia,Water,Dragon,680,90,120,100,150,120,100,4,True,True,Water/Dragon,141,1014.0,1014.0,1360.0
264,245,Suicune,Water,,580,100,75,115,90,115,85,2,True,False,Water,139,920.5,887.0,1354.3
743,675,Pangoro,Fighting,Dark,495,95,124,78,69,71,58,6,False,True,Fighting/Dark,43,1187.5,1114.0,1353.825
798,720,HoopaHoopa Unbound,Psychic,Dark,680,80,160,60,170,130,80,6,True,True,Psychic/Dark,110,1033.0,1034.0,1353.2
791,715,Noivern,Flying,Dragon,535,85,70,80,97,80,123,6,False,True,Flying/Dragon,58,1055.5,1004.5,1342.85
415,378,Regice,Ice,,580,80,50,100,100,200,50,3,True,False,Ice,87,1030.0,998.5,1342.7
397,362,GlalieMega Glalie,Ice,,580,80,120,80,120,80,100,3,False,False,Ice,87,1030.0,998.5,1342.7
283,260,SwampertMega Swampert,Water,Ground,635,100,150,110,95,110,70,3,False,True,Water/Ground,148,1102.5,1092.0,1336.675
621,560,Scrafty,Dark,Fighting,488,65,90,115,45,115,58,5,False,True,Dark/Fighting,14,1187.5,1114.0,1334.68
8,6,CharizardMega Charizard Y,Fire,Flying,634,78,104,78,159,115,100,1,False,True,Fire/Flying,50,1076.5,1066.0,1334.57
751,681,AegislashShield Forme,Steel,Ghost,520,60,50,150,50,150,60,6,False,True,Steel/Ghost,135,1055.0,1000.0,1326.0
750,681,AegislashBlade Forme,Steel,Ghost,520,60,150,50,150,50,60,6,False,True,Steel/Ghost,135,1055.0,1000.0,1326.0
661,600,Klang,Steel,,440,60,80,95,70,85,50,5,False,False,Steel,130,866.5,766.0,1322.2
770,700,Sylveon,Fairy,,525,95,65,65,110,130,60,6,False,False,Fairy,40,923.5,872.5,1317.75
684,623,Golurk,Ground,Ghost,483,89,124,80,55,80,55,5,False,True,Ground/Ghost,83,1182.0,1109.5,1316.175
654,593,Jellicent,Water,Ghost,480,100,60,70,85,105,60,5,False,True,Water/Ghost,146,1098.0,1024.0,1315.2
141,130,GyaradosMega Gyarados,Water,Dark,640,95,155,109,70,130,81,1,False,True,Water/Dark,140,1098.0,1093.0,1312.0
706,643,Reshiram,Dragon,Fire,680,100,120,100,150,120,90,5,True,True,Dragon/Fire,24,1081.0,1088.5,1309.0
463,416,Vespiquen,Bug,Flying,474,70,80,102,80,102,40,4,False,True,Bug/Flying,4,1129.5,1054.0,1305.87
670,609,Chandelure,Ghost,Fire,520,60,55,90,145,90,80,5,False,True,Ghost/Fire,62,1143.0,1092.5,1302.6
341,312,Minun,Electric,,405,60,40,50,75,85,95,3,False,False,Electric,29,965.0,845.5,1293.975
664,603,Eelektrik,Electric,,405,65,85,70,75,70,40,5,False,False,Electric,29,965.0,845.5,1293.975
340,311,Plusle,Electric,,405,60,50,40,85,75,95,3,False,False,Electric,29,965.0,845.5,1293.975
464,417,Pachirisu,Electric,,405,60,45,70,45,90,95,4,False,False,Electric,29,965.0,845.5,1293.975
799,721,Volcanion,Fire,Water,600,80,110,120,130,90,70,6,True,True,Fire/Water,56,1148.0,1132.5,1293.0
527,475,GalladeMega Gallade,Psychic,Fighting,618,68,165,95,65,115,110,4,False,True,Psychic/Fighting,112,1166.0,1157.0,1291.62
353,323,Camerupt,Fire,Ground,460,70,100,70,105,75,40,3,False,True,Fire/Ground,51,1215.0,1135.0,1288.0
386,354,Banette,Ghost,,455,64,115,65,83,63,65,3,False,False,Ghost,59,869.0,786.5,1285.375
389,356,Dusclops,Ghost,,455,40,70,130,60,130,25,3,False,False,Ghost,59,869.0,786.5,1285.375
263,244,Entei,Fire,,580,115,115,85,90,75,100,2,True,False,Fire,47,973.5,953.5,1276.0
233,215,Sneasel,Dark,Ice,430,55,95,55,35,75,115,2,False,True,Dark/Ice,18,1191.0,1095.0,1272.8
716,648,MeloettaPirouette Forme,Normal,Fighting,600,100,128,90,77,77,128,5,False,True,Normal/Fighting,95,1074.0,1063.0,1266.0
382,350,Milotic,Water,,540,95,60,79,100,125,81,3,False,False,Water,139,920.5,887.0,1260.9
515,464,Rhyperior,Ground,Rock,535,115,140,130,55,55,40,4,False,True,Ground/Rock,85,1215.0,1179.5,1259.925
315,291,Ninjask,Bug,Flying,456,61,90,45,50,50,160,3,False,True,Bug/Flying,4,1129.5,1054.0,1256.28
645,584,Vanilluxe,Ice,,535,71,95,85,110,95,79,5,False,False,Ice,87,1030.0,998.5,1238.525
11,9,Blastoise,Water,,530,79,83,100,85,105,78,1,False,False,Water,139,920.5,887.0,1237.55
174,160,Feraligatr,Water,,530,85,105,100,79,83,78,2,False,False,Water,139,920.5,887.0,1237.55
562,503,Samurott,Water,,528,95,100,85,108,70,70,5,False,False,Water,139,920.5,887.0,1232.88
365,334,Altaria,Dragon,Flying,490,75,70,90,70,105,80,3,False,True,Dragon/Flying,25,1055.5,1004.5,1229.9
215,200,Misdreavus,Ghost,,435,60,60,60,85,85,85,2,False,False,Ghost,59,869.0,786.5,1228.875
145,134,Vaporeon,Water,,525,130,65,60,110,95,65,1,False,False,Water,139,920.5,887.0,1225.875
67,62,Poliwrath,Water,Fighting,510,90,95,95,70,90,70,1,False,True,Water/Fighting,144,1185.0,1145.0,1224.0
476,428,LopunnyMega Lopunny,Normal,Fighting,580,65,136,94,54,96,135,4,False,True,Normal/Fighting,95,1074.0,1063.0,1223.8
64,59,Arcanine,Fire,,555,90,110,80,100,80,95,1,False,False,Fire,47,973.5,953.5,1221.0
158,146,Moltres,Fire,Flying,580,90,100,90,125,85,90,1,True,True,Fire/Flying,50,1076.5,1066.0,1220.9
7,6,CharizardMega Charizard X,Fire,Dragon,634,78,130,111,130,85,100,1,False,True,Fire/Dragon,48,1081.0,1088.5,1220.45
101,94,Gengar,Ghost,Poison,500,60,65,60,130,75,110,1,False,True,Ghost/Poison,65,1049.0,1005.5,1217.5
522,471,Glaceon,Ice,,525,65,60,110,130,95,65,4,False,False,Ice,87,1030.0,998.5,1215.375
222,207,Gligar,Ground,Flying,430,65,75,105,35,65,85,2,False,True,Ground/Flying,82,1218.0,1136.0,1212.6
41,36,Clefable,Fairy,,483,95,70,73,95,90,60,1,False,False,Fairy,40,923.5,872.5,1212.33
755,685,Slurpuff,Fairy,,480,82,80,86,85,75,72,6,False,False,Fairy,40,923.5,872.5,1204.8
493,445,Garchomp,Dragon,Ground,600,108,130,95,80,85,102,4,False,True,Dragon/Ground,26,1113.0,1112.5,1203.0
794,718,Zygarde50% Forme,Dragon,Ground,600,108,100,121,81,95,95,6,True,True,Dragon/Ground,26,1113.0,1112.5,1203.0
549,491,Darkrai,Dark,,600,70,90,90,135,90,125,4,True,False,Dark,12,911.0,911.5,1197.0
789,713,Avalugg,Ice,,514,95,117,184,44,46,28,6,False,False,Ice,87,1030.0,998.5,1189.91
542,485,Heatran,Fire,Steel,600,91,90,106,130,106,77,4,True,True,Fire/Steel,55,1067.0,1069.0,1188.0
518,467,Magmortar,Fire,,540,75,95,67,125,95,83,4,False,False,Fire,47,973.5,953.5,1188.0
239,221,Piloswine,Ice,Ground,450,100,100,80,60,60,50,2,False,True,Ice/Ground,90,1292.0,1228.0,1188.0
23,18,PidgeotMega Pidgeot,Normal,Flying,579,83,80,80,135,80,121,1,False,True,Normal/Flying,96,999.0,995.0,1181.16
712,646,KyuremWhite Kyurem,Dragon,Ice,700,125,120,90,170,100,95,5,True,True,Dragon/Ice,27,1084.5,1116.0,1179.5
711,646,KyuremBlack Kyurem,Dragon,Ice,700,125,170,100,120,90,95,5,True,True,Dragon/Ice,27,1084.5,1116.0,1179.5
171,157,Typhlosion,Fire,,534,78,84,78,109,85,100,2,False,False,Fire,47,973.5,953.5,1174.8
500,450,Hippowdon,Ground,,525,108,112,118,68,72,47,4,False,False,Ground,77,1031.5,1008.0,1173.375
691,630,Mandibuzz,Dark,Flying,510,110,65,105,55,95,80,5,False,True,Dark/Flying,16,1124.0,1094.0,1173.0
437,392,Infernape,Fire,Fighting,534,76,104,71,104,71,108,4,False,True,Fire/Fighting,49,1221.0,1201.5,1172.13
461,414,Mothim,Bug,Flying,424,70,94,50,94,50,66,4,False,True,Bug/Flying,4,1129.5,1054.0,1168.12
60,55,Golduck,Water,,500,80,82,78,95,80,85,1,False,False,Water,139,920.5,887.0,1167.5
351,321,Wailord,Water,,500,170,90,45,90,45,60,3,False,False,Water,139,920.5,887.0,1167.5
201,186,Politoed,Water,,500,90,75,75,90,100,70,2,False,False,Water,139,920.5,887.0,1167.5
763,693,Clawitzer,Water,,500,71,73,88,120,89,59,6,False,False,Water,139,920.5,887.0,1167.5
142,131,Lapras,Water,Ice,535,130,85,80,85,95,60,1,False,True,Water/Ice,149,1149.5,1131.5,1166.3
194,180,Flaaffy,Electric,,365,70,55,55,80,60,45,2,False,False,Electric,29,965.0,845.5,1166.175
82,76,Golem,Rock,Ground,495,80,120,130,55,65,45,1,False,True,Rock/Ground,125,1215.0,1179.5,1165.725
278,257,Blaziken,Fire,Fighting,530,80,120,70,110,70,80,3,False,True,Fire/Fighting,49,1221.0,1201.5,1163.35
575,516,Simipour,Water,,498,75,98,63,98,63,101,5,False,False,Water,139,920.5,887.0,1162.83
478,430,Honchkrow,Dark,Flying,505,100,125,52,105,52,71,4,False,True,Dark/Flying,16,1124.0,1094.0,1161.5
449,404,Luxio,Electric,,363,60,85,49,60,49,60,4,False,False,Electric,29,965.0,845.5,1159.785
753,683,Aromatisse,Fairy,,462,101,72,72,99,89,29,6,False,False,Fairy,40,923.5,872.5,1159.62
559,500,Emboar,Fire,Fighting,528,110,123,65,100,65,65,5,False,True,Fire/Fighting,49,1221.0,1201.5,1158.96
458,413,WormadamPlant Cloak,Bug,Grass,424,60,59,85,79,105,36,4,False,True,Bug/Grass,6,1192.5,1119.5,1157.52
466,419,Floatzel,Water,,495,85,105,55,85,50,115,4,False,False,Water,139,920.5,887.0,1155.825
400,365,Walrein,Ice,Water,530,110,80,90,95,90,65,3,False,True,Ice/Water,92,1149.5,1131.5,1155.4
147,136,Flareon,Fire,,525,65,130,60,95,110,65,1,False,False,Fire,47,973.5,953.5,1155.0
228,212,Scizor,Bug,Steel,500,70,130,100,55,80,65,2,False,True,Bug/Steel,10,1120.0,1089.5,1152.5
258,239,Elekid,Electric,,360,45,63,37,65,55,95,2,False,False,Electric,29,965.0,845.5,1150.2
204,189,Jumpluff,Grass,Flying,460,75,55,70,55,95,110,2,False,True,Grass/Flying,71,1210.5,1160.5,1150.0
390,357,Tropius,Grass,Flying,460,99,68,83,72,87,51,3,False,True,Grass/Flying,71,1210.5,1160.5,1150.0
544,487,GiratinaAltered Forme,Ghost,Dragon,680,150,100,120,100,120,90,4,True,True,Ghost/Dragon,61,979.0,1010.0,1149.2
545,487,GiratinaOrigin Forme,Ghost,Dragon,680,150,120,100,120,100,90,4,True,True,Ghost/Dragon,61,979.0,1010.0,1149.2
349,319,SharpedoMega Sharpedo,Water,Dark,560,70,140,70,110,65,105,3,False,True,Water/Dark,140,1098.0,1093.0,1148.0
508,458,Mantyke,Water,Flying,345,45,20,50,60,120,50,4,False,True,Water/Flying,145,1164.0,1032.0,1145.4
796,719,DiancieMega Diancie,Rock,Fairy,700,50,160,110,160,110,110,6,True,True,Rock/Fairy,121,1163.5,1200.0,1144.5
98,91,Cloyster,Water,Ice,525,50,95,180,85,45,70,1,False,True,Water/Ice,149,1149.5,1131.5,1144.5
749,680,Doublade,Steel,Ghost,448,59,110,150,45,49,35,6,False,True,Steel/Ghost,135,1055.0,1000.0,1142.4
120,112,Rhydon,Ground,Rock,485,105,130,120,45,45,40,1,False,True,Ground/Rock,85,1215.0,1179.5,1142.175
650,589,Escavalier,Bug,Steel,495,70,135,105,60,105,20,5,False,True,Bug/Steel,10,1120.0,1089.5,1140.975
308,284,Masquerain,Bug,Flying,414,70,60,62,80,82,60,3,False,True,Bug/Flying,4,1129.5,1054.0,1140.57
511,460,AbomasnowMega Abomasnow,Grass,Ice,594,90,132,105,132,105,30,4,False,True,Grass/Ice,73,1205.0,1214.0,1134.54
402,367,Huntail,Water,,485,55,104,105,94,75,52,3,False,False,Water,139,920.5,887.0,1132.475
403,368,Gorebyss,Water,,485,55,84,105,114,75,52,3,False,False,Water,139,920.5,887.0,1132.475
656,595,Joltik,Bug,Electric,319,50,47,50,57,50,65,5,False,True,Bug/Electric,1,1217.0,1062.0,1132.45
734,666,Vivillon,Bug,Flying,411,80,52,50,90,50,89,6,False,True,Bug/Flying,4,1129.5,1054.0,1132.305
226,210,Granbull,Fairy,,450,90,120,75,60,60,45,2,False,False,Fairy,40,923.5,872.5,1129.5
393,359,AbsolMega Absol,Dark,,565,65,150,60,115,60,115,3,False,False,Dark,12,911.0,911.5,1127.175
87,80,SlowbroMega Slowbro,Water,Psychic,590,95,75,180,130,80,30,1,False,True,Water/Psychic,151,1078.0,1087.0,1126.9
282,260,Swampert,Water,Ground,535,100,110,90,85,90,60,3,False,True,Water/Ground,148,1102.5,1092.0,1126.175
6,6,Charizard,Fire,Flying,534,78,84,78,109,85,100,1,False,True,Fire/Flying,50,1076.5,1066.0,1124.07
675,614,Beartic,Ice,,485,95,110,80,70,80,50,5,False,False,Ice,87,1030.0,998.5,1122.775
676,615,Cryogonal,Ice,,485,70,50,30,95,135,105,5,False,False,Ice,87,1030.0,998.5,1122.775
242,224,Octillery,Water,,480,75,105,75,105,75,45,2,False,False,Water,139,920.5,887.0,1120.8
547,489,Phione,Water,,480,80,80,80,80,80,80,4,False,False,Water,139,920.5,887.0,1120.8
251,232,Donphan,Ground,,500,90,120,120,60,60,50,2,False,False,Ground,77,1031.5,1008.0,1117.5
693,632,Durant,Bug,Steel,484,58,109,112,48,48,109,5,False,True,Bug/Steel,10,1120.0,1089.5,1115.62
88,81,Magnemite,Electric,Steel,325,25,35,70,95,55,45,1,False,True,Electric/Steel,38,1111.5,969.0,1113.125
710,646,Kyurem,Dragon,Ice,660,125,130,90,130,90,95,5,True,True,Dragon/Ice,27,1084.5,1116.0,1112.1
164,150,MewtwoMega Mewtwo Y,Psychic,,780,106,150,70,194,120,140,1,True,False,Psychic,109,875.5,933.0,1111.5
396,362,Glalie,Ice,,480,80,80,80,80,80,80,3,False,False,Ice,87,1030.0,998.5,1111.2
43,38,Ninetales,Fire,,505,73,76,75,81,100,100,1,False,False,Fire,47,973.5,953.5,1111.0
776,706,Goodra,Dragon,,600,90,100,70,110,150,80,6,False,False,Dragon,21,831.0,846.0,1110.0
107,99,Kingler,Water,,475,55,130,115,50,50,75,1,False,False,Water,139,920.5,887.0,1109.125
52,47,Parasect,Bug,Grass,405,60,95,80,60,80,30,1,False,True,Bug/Grass,6,1192.5,1119.5,1105.65
245,227,Skarmory,Steel,Flying,465,65,80,140,40,70,70,2,False,True,Steel/Flying,134,1109.5,1072.0,1104.375
190,176,Togetic,Fairy,Flying,405,55,40,85,80,105,40,2,False,True,Fairy/Flying,41,1097.5,1025.5,1101.6
84,78,Rapidash,Fire,,500,65,100,70,80,80,105,1,False,False,Fire,47,973.5,953.5,1100.0
655,594,Alomomola,Water,,470,165,75,80,40,45,65,5,False,False,Water,139,920.5,887.0,1097.45
199,184,Azumarill,Water,Fairy,420,100,50,80,60,80,50,2,False,True,Water/Fairy,143,1096.0,1035.0,1096.2
573,514,Simisear,Fire,,498,75,98,63,98,63,101,5,False,False,Fire,47,973.5,953.5,1095.6
184,170,Chinchou,Water,Electric,330,75,38,38,56,56,67,2,False,True,Water/Electric,142,1137.5,1006.5,1092.3
135,126,Magmar,Fire,,495,65,95,57,100,85,93,1,False,False,Fire,47,973.5,953.5,1089.0
15,12,Butterfree,Bug,Flying,395,60,45,50,90,80,70,1,False,True,Bug/Flying,4,1129.5,1054.0,1088.225
290,267,Beautifly,Bug,Flying,395,60,70,50,100,50,65,3,False,True,Bug/Flying,4,1129.5,1054.0,1088.225
472,425,Drifloon,Ghost,Flying,348,90,50,34,60,44,70,4,False,True,Ghost/Flying,63,1124.0,1011.5,1087.5
726,658,Greninja,Water,Dark,530,72,95,67,103,71,122,6,False,True,Water/Dark,140,1098.0,1093.0,1086.5
698,637,Volcarona,Bug,Fire,550,85,60,65,135,105,100,5,False,True,Bug/Fire,3,1141.0,1143.5,1086.25
526,475,Gallade,Psychic,Fighting,518,68,125,65,65,115,80,4,False,True,Psychic/Fighting,112,1166.0,1157.0,1082.62
249,230,Kingdra,Water,Dragon,540,75,95,95,95,95,85,2,False,True,Water/Dragon,141,1014.0,1014.0,1080.0
208,193,Yanma,Bug,Flying,390,65,65,45,75,45,95,2,False,True,Bug/Flying,4,1129.5,1054.0,1074.45
180,166,Ledian,Bug,Flying,390,55,35,50,55,110,85,2,False,True,Bug/Flying,4,1129.5,1054.0,1074.45
507,457,Lumineon,Water,,460,69,69,76,69,86,91,4,False,False,Water,139,920.5,887.0,1074.1
610,550,Basculin,Water,,460,70,92,65,80,55,98,5,False,False,Water,139,920.5,887.0,1074.1
220,205,Forretress,Bug,Steel,465,75,90,140,60,60,40,2,False,True,Bug/Steel,10,1120.0,1089.5,1071.825
133,124,Jynx,Ice,Psychic,455,65,50,35,115,95,95,1,False,True,Ice/Psychic,91,1172.5,1137.0,1071.525
597,537,Seismitoad,Water,Ground,509,105,95,75,85,75,74,5,False,True,Water/Ground,148,1102.5,1092.0,1071.445
79,73,Tentacruel,Water,Poison,515,80,70,65,80,120,100,1,False,True,Water/Poison,150,1102.0,1094.0,1071.2
701,640,Virizion,Grass,Fighting,580,91,90,72,90,129,108,5,True,True,Grass/Fighting,70,1192.0,1208.0,1067.2
336,308,MedichamMega Medicham,Fighting,Psychic,510,60,100,85,80,85,100,3,False,True,Fighting/Psychic,45,1166.0,1157.0,1065.9
681,620,Mienshao,Fighting,,510,65,125,60,95,60,105,5,False,False,Fighting,42,1004.5,995.5,1065.9
692,631,Heatmor,Fire,,484,85,97,66,105,66,65,5,False,False,Fire,47,973.5,953.5,1064.8
615,555,DarmanitanStandard Mode,Fire,,480,105,140,55,30,55,95,5,False,False,Fire,47,973.5,953.5,1056.0
74,68,Machamp,Fighting,,505,90,130,80,65,85,55,1,False,False,Fighting,42,1004.5,995.5,1055.45
594,534,Conkeldurr,Fighting,,505,105,140,95,55,65,45,5,False,False,Fighting,42,1004.5,995.5,1055.45
108,100,Voltorb,Electric,,330,40,30,50,55,55,100,1,False,False,Electric,29,965.0,845.5,1054.35
183,169,Crobat,Poison,Flying,535,85,90,80,70,80,130,2,False,True,Poison/Flying,106,1037.0,1040.5,1051.275
128,119,Seaking,Water,,450,80,92,65,65,80,68,1,False,False,Water,139,920.5,887.0,1050.75
731,663,Talonflame,Fire,Flying,499,78,81,71,74,69,126,6,False,True,Fire/Flying,50,1076.5,1066.0,1050.395
248,229,HoundoomMega Houndoom,Dark,Fire,600,75,90,90,140,90,115,2,False,True,Dark/Fire,15,1143.0,1168.0,1050.0
212,197,Umbreon,Dark,,525,95,65,110,60,130,65,2,False,False,Dark,12,911.0,911.5,1047.375
269,249,Lugia,Psychic,Flying,680,106,90,130,90,154,110,2,True,True,Psychic/Flying,114,1038.5,1085.0,1043.8
36,31,Nidoqueen,Poison,Ground,505,90,92,87,75,85,76,1,False,True,Poison/Ground,107,1177.0,1170.5,1042.825
39,34,Nidoking,Poison,Ground,505,81,102,77,85,75,85,1,False,True,Poison/Ground,107,1177.0,1170.5,1042.825
361,330,Flygon,Ground,Dragon,520,80,100,80,80,80,100,3,False,True,Ground/Dragon,79,1113.0,1112.5,1042.6
306,282,GardevoirMega Gardevoir,Psychic,Fairy,618,68,85,65,165,135,100,3,False,True,Psychic/Fairy,111,1001.5,1033.0,1041.33
689,628,Braviary,Normal,Flying,510,100,123,75,57,75,80,5,False,True,Normal/Flying,96,999.0,995.0,1040.4
601,541,Swadloon,Bug,Grass,380,55,63,90,50,80,42,5,False,True,Bug/Grass,6,1192.5,1119.5,1037.4
94,87,Dewgong,Water,Ice,475,90,70,80,70,95,70,1,False,True,Water/Ice,149,1149.5,1131.5,1035.5
355,324,Torkoal,Fire,,470,70,85,140,85,70,20,3,False,False,Fire,47,973.5,953.5,1034.0
96,89,Muk,Poison,,500,105,105,75,65,100,50,1,False,False,Poison,101,889.5,883.5,1030.0
126,117,Seadra,Water,,440,55,65,95,95,45,85,1,False,False,Water,139,920.5,887.0,1027.4
30,25,Pikachu,Electric,,320,35,55,40,50,50,90,1,False,False,Electric,29,965.0,845.5,1022.4
632,571,Zoroark,Dark,,510,60,105,60,120,60,105,5,False,False,Dark,12,911.0,911.5,1017.45
591,531,AudinoMega Audino,Normal,Fairy,545,103,60,126,80,126,50,5,False,True,Normal/Fairy,94,945.5,959.0,1016.425
641,580,Ducklett,Water,Flying,305,62,44,50,44,50,55,5,False,True,Water/Flying,145,1164.0,1032.0,1012.6
118,110,Weezing,Poison,,490,65,90,120,85,70,60,1,False,False,Poison,101,889.5,883.5,1009.4
33,28,Sandslash,Ground,,450,75,100,110,45,55,65,1,False,False,Ground,77,1031.5,1008.0,1005.75
498,448,LucarioMega Lucario,Fighting,Steel,625,70,145,88,140,70,112,4,False,True,Fighting/Steel,46,1113.0,1152.5,1003.125
470,423,Gastrodon,Water,Ground,475,111,83,68,92,82,39,4,False,True,Water/Ground,148,1102.5,1092.0,999.875
673,612,Haxorus,Dragon,,540,76,147,90,60,70,97,5,False,False,Dragon,21,831.0,846.0,999.0
580,521,Unfezant,Normal,Flying,488,80,115,80,65,55,93,5,False,True,Normal/Flying,96,999.0,995.0,995.52
130,121,Starmie,Water,Psychic,520,60,75,85,100,85,115,1,False,True,Water/Psychic,151,1078.0,1087.0,993.2
321,297,Hariyama,Fighting,,474,144,120,60,40,60,50,3,False,False,Fighting,42,1004.5,995.5,990.66
413,376,MetagrossMega Metagross,Steel,Psychic,700,80,145,150,105,110,110,3,False,True,Steel/Psychic,137,1040.5,1099.0,990.5
443,398,Staraptor,Normal,Flying,485,85,120,70,50,60,100,4,False,True,Normal/Flying,96,999.0,995.0,989.4
100,93,Haunter,Ghost,Poison,405,45,50,45,115,55,95,1,False,True,Ghost/Poison,65,1049.0,1005.5,986.175
372,340,Whiscash,Water,Ground,468,110,78,73,76,71,60,3,False,True,Water/Ground,148,1102.5,1092.0,985.14
795,719,Diancie,Rock,Fairy,600,50,100,150,100,150,50,6,True,True,Rock/Fairy,121,1163.5,1200.0,981.0
613,553,Krookodile,Ground,Dark,519,95,117,80,65,70,92,5,False,True,Ground/Dark,78,1182.0,1193.0,980.91
460,413,WormadamTrash Cloak,Bug,Steel,424,60,69,95,69,95,36,4,False,True,Bug/Steel,10,1120.0,1089.5,977.32
22,18,Pidgeot,Normal,Flying,479,83,80,75,70,70,101,1,False,True,Normal/Flying,96,999.0,995.0,977.16
630,569,Garbodor,Poison,,474,80,95,82,60,82,75,5,False,False,Poison,101,889.5,883.5,976.44
720,652,Chesnaught,Grass,Fighting,530,88,107,122,74,75,64,6,False,True,Grass/Fighting,70,1192.0,1208.0,975.2
243,225,Delibird,Ice,Flying,330,45,55,45,65,45,75,2,False,True,Ice/Flying,88,1181.5,1086.0,975.15
552,493,Arceus,Normal,,720,120,120,120,120,120,120,4,True,False,Normal,93,778.0,843.0,972.0
598,538,Throh,Fighting,,465,120,100,85,30,85,45,5,False,False,Fighting,42,1004.5,995.5,971.85
599,539,Sawk,Fighting,,465,75,125,75,30,75,85,5,False,False,Fighting,42,1004.5,995.5,971.85
162,150,Mewtwo,Psychic,,680,106,110,90,154,90,130,1,True,False,Psychic,109,875.5,933.0,969.0
266,247,Pupitar,Rock,Ground,410,70,84,70,65,70,51,2,False,True,Rock/Ground,125,1215.0,1179.5,965.55
561,502,Dewott,Water,,413,75,75,60,83,60,60,5,False,False,Water,139,920.5,887.0,964.355
346,317,Swalot,Poison,,467,100,73,83,73,83,55,3,False,False,Poison,101,889.5,883.5,962.02
374,342,Crawdaunt,Water,Dark,468,63,120,85,90,55,55,3,False,True,Water/Dark,140,1098.0,1093.0,959.4
757,687,Malamar,Dark,Psychic,482,86,92,88,68,75,73,6,False,True,Dark/Psychic,19,1033.0,1034.0,959.18
686,625,Bisharp,Dark,Steel,490,65,125,100,60,70,70,5,False,True,Dark/Steel,20,1055.0,1060.0,955.5
275,254,SceptileMega Sceptile,Grass,Dragon,630,70,110,75,145,85,145,3,False,True,Grass/Dragon,68,1058.5,1107.0,954.45
459,413,WormadamSandy Cloak,Bug,Ground,424,60,79,105,59,85,36,4,False,True,Bug/Ground,7,1255.0,1230.0,954.0
620,559,Scraggy,Dark,Fighting,348,50,75,70,35,70,48,5,False,True,Dark/Fighting,14,1187.5,1114.0,951.78
115,107,Hitmonchan,Fighting,,455,50,105,79,35,110,76,1,False,False,Fighting,42,1004.5,995.5,950.95
256,237,Hitmontop,Fighting,,455,50,95,95,35,110,70,2,False,False,Fighting,42,1004.5,995.5,950.95
62,57,Primeape,Fighting,,455,65,105,60,60,70,95,1,False,False,Fighting,42,1004.5,995.5,950.95
114,106,Hitmonlee,Fighting,,455,50,120,53,35,110,87,1,False,False,Fighting,42,1004.5,995.5,950.95
113,105,Marowak,Ground,,425,60,80,110,50,80,45,1,False,False,Ground,77,1031.5,1008.0,949.875
173,159,Croconaw,Water,,405,65,80,80,59,63,58,2,False,False,Water,139,920.5,887.0,945.675
439,394,Prinplup,Water,,405,64,66,68,81,76,50,4,False,False,Water,139,920.5,887.0,945.675
725,657,Frogadier,Water,,405,54,63,52,83,56,97,6,False,False,Water,139,920.5,887.0,945.675
10,8,Wartortle,Water,,405,59,63,80,65,80,58,1,False,False,Water,139,920.5,887.0,945.675
510,460,Abomasnow,Grass,Ice,494,90,92,75,92,85,60,4,False,True,Grass/Ice,73,1205.0,1214.0,943.54
368,336,Seviper,Poison,,458,73,100,60,100,60,65,3,False,False,Poison,101,889.5,883.5,943.48
348,319,Sharpedo,Water,Dark,460,70,120,40,95,40,95,3,False,True,Water/Dark,140,1098.0,1093.0,943.0
581,522,Blitzle,Electric,,295,45,60,32,50,32,76,5,False,False,Electric,29,965.0,845.5,942.525
337,309,Electrike,Electric,,295,40,45,40,65,40,65,3,False,False,Electric,29,965.0,845.5,942.525
92,85,Dodrio,Normal,Flying,460,60,110,70,60,60,100,1,False,True,Normal/Flying,96,999.0,995.0,938.4
214,199,Slowking,Water,Psychic,490,95,75,80,100,110,30,2,False,True,Water/Psychic,151,1078.0,1087.0,935.9
86,80,Slowbro,Water,Psychic,490,95,75,110,100,80,30,1,False,True,Water/Psychic,151,1078.0,1087.0,935.9
350,320,Wailmer,Water,,400,130,70,35,70,35,60,3,False,False,Water,139,920.5,887.0,934.0
271,251,Celebi,Psychic,Grass,600,100,100,100,100,100,100,2,False,True,Psychic/Grass,116,1122.5,1167.0,933.0
213,198,Murkrow,Dark,Flying,405,60,85,42,85,42,91,2,False,True,Dark/Flying,16,1124.0,1094.0,931.5
738,670,Floette,Fairy,,371,54,45,47,75,98,52,6,False,False,Fairy,40,923.5,872.5,931.21
699,638,Cobalion,Steel,Fighting,580,91,90,129,90,72,108,5,True,True,Steel/Fighting,133,1113.0,1152.5,930.9
503,453,Croagunk,Poison,Fighting,300,48,61,40,61,40,50,4,False,True,Poison/Fighting,105,1179.5,1069.5,930.0
392,359,Absol,Dark,,465,65,130,60,75,60,75,3,False,False,Dark,12,911.0,911.5,927.675
224,208,SteelixMega Steelix,Steel,Ground,610,75,125,230,55,95,30,2,False,True,Steel/Ground,136,1139.0,1187.0,927.2
669,608,Lampent,Ghost,Fire,370,60,40,60,95,60,55,5,False,True,Ghost/Fire,62,1143.0,1092.5,926.85
329,303,MawileMega Mawile,Steel,Fairy,480,50,105,125,55,95,50,3,False,True,Steel/Fairy,132,1051.0,1059.0,921.6
81,75,Graveler,Rock,Ground,390,55,95,115,45,45,35,1,False,True,Rock/Ground,125,1215.0,1179.5,918.45
653,592,Frillish,Water,Ghost,335,55,40,50,65,85,40,5,False,True,Water/Ghost,146,1098.0,1024.0,917.9
558,499,Pignite,Fire,Fighting,418,90,93,55,70,55,55,5,False,True,Fire/Fighting,49,1221.0,1201.5,917.51
644,583,Vanillish,Ice,,395,51,65,65,80,75,59,5,False,False,Ice,87,1030.0,998.5,914.425
136,127,Pinsir,Bug,,500,65,125,100,55,70,85,1,False,False,Bug,0,958.5,977.0,907.5
103,95,Onix,Rock,Ground,385,35,45,160,30,45,70,1,False,True,Rock/Ground,125,1215.0,1179.5,906.675
56,51,Dugtrio,Ground,,405,35,80,50,50,70,120,1,False,False,Ground,77,1031.5,1008.0,905.175
210,195,Quagsire,Water,Ground,430,95,85,85,65,65,35,2,False,True,Water/Ground,148,1102.5,1092.0,905.15
543,486,Regigigas,Normal,,670,110,160,110,80,110,100,4,True,False,Normal,93,778.0,843.0,904.5
313,289,Slaking,Normal,,670,150,160,100,95,65,100,3,False,False,Normal,93,778.0,843.0,904.5
777,707,Klefki,Steel,Fairy,470,57,80,91,80,87,75,6,False,True,Steel/Fairy,132,1051.0,1059.0,902.4
29,24,Arbok,Poison,,438,60,85,69,65,79,80,1,False,False,Poison,101,889.5,883.5,902.28
83,77,Ponyta,Fire,,410,50,85,55,65,65,90,1,False,False,Fire,47,973.5,953.5,902.0
178,164,Noctowl,Normal,Flying,442,100,50,50,76,96,70,2,False,True,Normal/Flying,96,999.0,995.0,901.68
27,22,Fearow,Normal,Flying,442,65,90,65,61,61,100,1,False,True,Normal/Flying,96,999.0,995.0,901.68
660,599,Klink,Steel,,300,40,55,70,45,60,30,5,False,False,Steel,130,866.5,766.0,901.5
332,306,Aggron,Steel,Rock,530,70,110,180,60,60,50,3,False,True,Steel/Rock,138,1129.5,1159.5,901.0
722,654,Braixen,Fire,,409,59,59,58,90,70,73,6,False,False,Fire,47,973.5,953.5,899.8
66,61,Poliwhirl,Water,,385,65,65,65,50,50,90,1,False,False,Water,139,920.5,887.0,898.975
678,617,Accelgor,Bug,,495,80,70,40,100,60,145,5,False,False,Bug,0,958.5,977.0,898.425
682,621,Druddigon,Dragon,,485,77,120,90,60,90,48,5,False,False,Dragon,21,831.0,846.0,897.25
301,278,Wingull,Water,Flying,270,40,30,30,55,30,85,3,False,True,Water/Flying,145,1164.0,1032.0,896.4
193,179,Mareep,Electric,,280,55,40,40,65,45,35,2,False,False,Electric,29,965.0,845.5,894.6
227,211,Qwilfish,Water,Poison,430,65,95,75,55,55,85,2,False,True,Water/Poison,150,1102.0,1094.0,894.4
47,42,Golbat,Poison,Flying,455,75,80,70,65,75,90,1,False,True,Poison/Flying,106,1037.0,1040.5,894.075
553,494,Victini,Psychic,Fire,600,100,100,100,100,100,100,5,True,True,Psychic/Fire,113,1113.0,1164.0,894.0
399,364,Sealeo,Ice,Water,410,90,60,70,75,70,45,3,False,True,Ice/Water,92,1149.5,1131.5,893.8
528,476,Probopass,Rock,Steel,525,60,55,145,75,150,40,4,False,True,Rock/Steel,128,1129.5,1159.5,892.5
5,5,Charmeleon,Fire,,405,58,64,58,80,65,80,1,False,False,Fire,47,973.5,953.5,891.0
170,156,Quilava,Fire,,405,58,64,58,80,65,80,2,False,False,Fire,47,973.5,953.5,891.0
569,510,Liepard,Dark,,446,64,88,50,88,50,106,5,False,False,Dark,12,911.0,911.5,889.77
277,256,Combusken,Fire,Fighting,405,60,85,60,85,60,55,3,False,True,Fire/Fighting,49,1221.0,1201.5,888.975
436,391,Monferno,Fire,Fighting,405,64,78,52,78,52,81,4,False,True,Fire/Fighting,49,1221.0,1201.5,888.975
769,699,Aurorus,Rock,Ice,521,123,77,72,99,92,58,6,False,True,Rock/Ice,126,1211.5,1241.0,888.305
663,602,Tynamo,Electric,,275,35,55,40,45,40,60,5,False,False,Electric,29,965.0,845.5,878.625
300,277,Swellow,Normal,Flying,430,60,85,60,50,50,125,3,False,True,Normal/Flying,96,999.0,995.0,877.2
607,547,Whimsicott,Grass,Fairy,480,60,67,85,77,75,116,5,False,True,Grass/Fairy,69,1119.5,1137.0,876.0
247,229,Houndoom,Dark,Fire,500,75,90,50,110,80,95,2,False,True,Dark/Fire,15,1143.0,1168.0,875.0
784,711,GourgeistAverage Size,Ghost,Grass,494,65,90,122,58,75,84,6,False,True,Ghost/Grass,64,1144.0,1167.0,874.38
785,711,GourgeistSmall Size,Ghost,Grass,494,55,85,122,58,75,99,6,False,True,Ghost/Grass,64,1144.0,1167.0,874.38
786,711,GourgeistLarge Size,Ghost,Grass,494,75,95,122,58,75,69,6,False,True,Ghost/Grass,64,1144.0,1167.0,874.38
787,711,GourgeistSuper Size,Ghost,Grass,494,85,100,122,58,75,54,6,False,True,Ghost/Grass,64,1144.0,1167.0,874.38
305,282,Gardevoir,Psychic,Fairy,518,68,65,65,125,115,80,3,False,True,Psychic/Fairy,111,1001.5,1033.0,872.83
764,694,Helioptile,Electric,Normal,289,44,38,33,61,43,70,6,False,True,Electric/Normal,37,1020.0,920.0,867.0
335,308,Medicham,Fighting,Psychic,410,60,60,75,60,75,80,3,False,True,Fighting/Psychic,45,1166.0,1157.0,856.9
623,562,Yamask,Ghost,,303,38,30,85,55,65,30,5,False,False,Ghost,59,869.0,786.5,855.975
752,682,Spritzee,Fairy,,341,78,52,60,63,65,23,6,False,False,Fairy,40,923.5,872.5,855.91
754,684,Swirlix,Fairy,,341,62,48,66,59,57,49,6,False,False,Fairy,40,923.5,872.5,855.91
428,386,DeoxysNormal Forme,Psychic,,600,50,150,50,150,50,150,3,True,False,Psychic,109,875.5,933.0,855.0
429,386,DeoxysAttack Forme,Psychic,,600,50,180,20,180,20,150,3,True,False,Psychic,109,875.5,933.0,855.0
430,386,DeoxysDefense Forme,Psychic,,600,50,70,160,70,160,90,3,True,False,Psychic,109,875.5,933.0,855.0
431,386,DeoxysSpeed Forme,Psychic,,600,50,95,90,95,90,180,3,True,False,Psychic,109,875.5,933.0,855.0
165,151,Mew,Psychic,,600,100,100,100,100,100,100,1,False,False,Psychic,109,875.5,933.0,855.0
546,488,Cresselia,Psychic,,600,120,70,120,75,130,85,4,False,False,Psychic,109,875.5,933.0,855.0
352,322,Numel,Fire,Ground,305,60,60,40,65,45,35,3,False,True,Fire/Ground,51,1215.0,1135.0,854.0
281,259,Marshtomp,Water,Ground,405,70,85,70,60,70,50,3,False,True,Water/Ground,148,1102.5,1092.0,852.525
690,629,Vullaby,Dark,Flying,370,70,55,75,45,65,60,5,False,True,Dark/Flying,16,1124.0,1094.0,851.0
203,188,Skiploom,Grass,Flying,340,55,45,50,45,65,80,2,False,True,Grass/Flying,71,1210.5,1160.5,850.0
427,385,Jirachi,Steel,Psychic,600,100,100,100,100,100,100,3,True,True,Steel/Psychic,137,1040.5,1099.0,849.0
412,376,Metagross,Steel,Psychic,600,80,135,130,95,90,70,3,False,True,Steel/Psychic,137,1040.5,1099.0,849.0
73,67,Machoke,Fighting,,405,80,100,70,50,60,45,1,False,False,Fighting,42,1004.5,995.5,846.45
593,533,Gurdurr,Fighting,,405,85,105,85,40,50,40,5,False,False,Fighting,42,1004.5,995.5,846.45
310,286,Breloom,Grass,Fighting,460,60,130,80,60,60,70,3,False,True,Grass/Fighting,70,1192.0,1208.0,846.4
600,540,Sewaddle,Bug,Grass,310,45,53,70,40,60,42,5,False,True,Bug/Grass,6,1192.5,1119.5,846.3
497,448,Lucario,Fighting,Steel,525,70,110,70,115,70,90,4,False,True,Fighting/Steel,46,1113.0,1152.5,842.625
456,411,Bastiodon,Rock,Steel,495,60,52,168,47,138,30,4,False,True,Rock/Steel,128,1129.5,1159.5,841.5
71,65,AlakazamMega Alakazam,Psychic,,590,55,50,65,175,95,150,1,False,False,Psychic,109,875.5,933.0,840.75
448,403,Shinx,Electric,,263,45,65,34,40,34,45,4,False,False,Electric,29,965.0,845.5,840.285
779,709,Trevenant,Ghost,Grass,474,85,110,76,65,82,56,6,False,True,Ghost/Grass,64,1144.0,1167.0,838.98
489,441,Chatot,Normal,Flying,411,76,65,45,92,42,91,4,False,True,Normal/Flying,96,999.0,995.0,838.44
285,262,Mightyena,Dark,,420,70,90,70,60,60,70,3,False,False,Dark,12,911.0,911.5,837.9
775,705,Sliggoo,Dragon,,452,68,75,53,83,113,60,6,False,False,Dragon,21,831.0,846.0,836.2
385,353,Shuppet,Ghost,,295,44,75,35,63,33,45,3,False,False,Ghost,59,869.0,786.5,833.375
388,355,Duskull,Ghost,,295,20,40,90,30,90,25,3,False,False,Ghost,59,869.0,786.5,833.375
748,679,Honedge,Steel,Ghost,325,45,80,100,35,37,28,6,False,True,Steel/Ghost,135,1055.0,1000.0,828.75
537,480,Uxie,Psychic,,580,75,75,130,75,130,95,4,True,False,Psychic,109,875.5,933.0,826.5
538,481,Mesprit,Psychic,,580,80,105,105,105,105,80,4,True,False,Psychic,109,875.5,933.0,826.5
539,482,Azelf,Psychic,,580,75,125,70,125,70,115,4,True,False,Psychic,109,875.5,933.0,826.5
683,622,Golett,Ground,Ghost,303,59,74,50,35,50,35,5,False,True,Ground/Ghost,83,1182.0,1109.5,825.675
492,444,Gabite,Dragon,Ground,410,68,90,65,50,55,82,4,False,True,Dragon/Ground,26,1113.0,1112.5,822.05
773,703,Carbink,Rock,Fairy,500,50,50,150,50,150,50,6,False,True,Rock/Fairy,121,1163.5,1200.0,817.5
736,668,Pyroar,Fire,Normal,507,86,68,72,109,66,106,6,False,True,Fire/Normal,52,1031.5,1071.0,813.735
119,111,Rhyhorn,Ground,Rock,345,80,85,95,30,30,25,1,False,True,Ground/Rock,85,1215.0,1179.5,812.475
45,40,Wigglytuff,Normal,Fairy,435,140,70,45,85,50,45,1,False,True,Normal/Fairy,94,945.5,959.0,811.275
40,35,Clefairy,Fairy,,323,70,45,48,60,65,35,1,False,False,Fairy,40,923.5,872.5,810.73
111,103,Exeggutor,Grass,Psychic,520,95,95,85,125,65,55,1,False,True,Grass/Psychic,75,1122.5,1167.0,808.6
596,536,Palpitoad,Water,Ground,384,75,65,55,65,55,69,5,False,True,Water/Ground,148,1102.5,1092.0,808.32
298,275,Shiftry,Grass,Dark,480,90,100,60,90,60,80,3,False,True,Grass/Dark,67,1144.0,1176.0,806.4
401,366,Clamperl,Water,,345,35,64,85,74,55,32,3,False,False,Water,139,920.5,887.0,805.575
616,555,DarmanitanZen Mode,Fire,Psychic,540,105,30,105,140,105,55,5,False,True,Fire/Psychic,53,1113.0,1164.0,804.6
730,662,Fletchinder,Fire,Flying,382,62,73,55,56,52,84,6,False,True,Fire/Flying,50,1076.5,1066.0,804.11
414,377,Regirock,Rock,,580,80,100,200,50,100,50,3,True,False,Rock,117,1029.0,1090.5,803.3
259,240,Magby,Fire,,365,45,75,37,70,55,83,2,False,False,Fire,47,973.5,953.5,803.0
363,332,Cacturne,Grass,Dark,475,70,115,60,115,60,55,3,False,True,Grass/Dark,67,1144.0,1176.0,798.0
124,115,KangaskhanMega Kangaskhan,Normal,,590,105,125,100,60,100,100,1,False,False,Normal,93,778.0,843.0,796.5
723,655,Delphox,Fire,Psychic,534,75,69,72,114,100,104,6,False,True,Fire/Psychic,53,1113.0,1164.0,795.66
129,120,Staryu,Water,,340,30,45,55,70,55,85,1,False,False,Water,139,920.5,887.0,793.9
237,219,Magcargo,Fire,Rock,410,50,50,120,80,80,30,2,False,True,Fire/Rock,54,1170.0,1177.0,791.3
536,479,RotomMow Rotom,Electric,Grass,520,50,65,107,105,107,86,4,False,True,Electric/Grass,35,1085.5,1135.5,780.0
3,3,VenusaurMega Venusaur,Grass,Poison,625,80,100,123,122,120,80,1,False,True,Grass/Poison,74,1134.0,1209.5,778.125
51,46,Paras,Bug,Grass,285,35,70,55,45,55,25,1,False,True,Bug/Grass,6,1192.5,1119.5,778.05
160,148,Dragonair,Dragon,,420,61,84,65,70,70,70,1,False,False,Dragon,21,831.0,846.0,777.0
407,372,Shelgon,Dragon,,420,65,95,100,60,50,50,3,False,False,Dragon,21,831.0,846.0,777.0
223,208,Steelix,Steel,Ground,510,75,85,200,55,65,30,2,False,True,Steel/Ground,136,1139.0,1187.0,775.2
131,122,Mr. Mime,Psychic,Fairy,460,40,45,65,100,120,90,1,False,True,Psychic/Fairy,111,1001.5,1033.0,775.1
589,530,Excadrill,Ground,Steel,508,110,135,60,50,65,88,5,False,True,Ground/Steel,86,1139.0,1187.0,772.16
506,456,Finneon,Water,,330,49,49,56,49,61,66,4,False,False,Water,139,920.5,887.0,770.55
465,418,Buizel,Water,,330,55,65,35,60,30,85,4,False,False,Water,139,920.5,887.0,770.55
405,370,Luvdisc,Water,,330,43,30,55,40,65,97,3,False,False,Water,139,920.5,887.0,770.55
762,692,Clauncher,Water,,330,50,53,62,58,63,44,6,False,False,Water,139,920.5,887.0,770.55
63,58,Growlithe,Fire,,350,55,70,45,70,50,60,1,False,False,Fire,47,973.5,953.5,770.0
268,248,TyranitarMega Tyranitar,Rock,Dark,700,100,164,150,95,120,71,2,False,True,Rock/Dark,119,1158.0,1248.0,770.0
759,689,Barbaracle,Rock,Water,500,72,105,115,54,86,68,6,False,True,Rock/Water,129,1142.0,1189.0,765.0
737,669,Flabébé,Fairy,,303,44,38,39,61,79,42,6,False,False,Fairy,40,923.5,872.5,760.53
469,422,Shellos,Water,,325,76,48,48,57,62,34,4,False,False,Water,139,920.5,887.0,758.875
93,86,Seel,Water,,325,65,45,55,45,70,45,1,False,False,Water,139,920.5,887.0,758.875
106,98,Krabby,Water,,325,30,105,90,25,25,50,1,False,False,Water,139,920.5,887.0,758.875
672,611,Fraxure,Dragon,,410,66,117,70,40,50,67,5,False,False,Dragon,21,831.0,846.0,758.5
150,139,Omastar,Rock,Water,495,70,60,125,115,70,55,1,False,True,Rock/Water,129,1142.0,1189.0,757.35
626,565,Carracosta,Water,Rock,495,74,108,133,83,65,32,5,False,True,Water/Rock,152,1142.0,1189.0,757.35
152,141,Kabutops,Rock,Water,495,60,115,105,65,70,80,1,False,True,Rock/Water,129,1142.0,1189.0,757.35
99,92,Gastly,Ghost,Poison,310,30,35,30,100,35,80,1,False,True,Ghost/Poison,65,1049.0,1005.5,754.85
225,209,Snubbull,Fairy,,300,60,80,50,40,40,30,2,False,False,Fairy,40,923.5,872.5,753.0
622,561,Sigilyph,Psychic,Flying,490,72,58,80,103,80,97,5,False,True,Psychic/Flying,114,1038.5,1085.0,752.15
35,30,Nidorina,Poison,,365,70,62,67,55,55,56,1,False,False,Poison,101,889.5,883.5,751.9
38,33,Nidorino,Poison,,365,61,72,57,55,55,65,1,False,False,Poison,101,889.5,883.5,751.9
728,660,Diggersby,Normal,Ground,423,85,56,77,50,77,78,6,False,True,Normal/Ground,98,1071.0,1094.0,748.71
211,196,Espeon,Psychic,,525,65,65,60,130,95,110,2,False,False,Psychic,109,875.5,933.0,748.125
59,54,Psyduck,Water,,320,50,52,48,65,50,55,1,False,False,Water,139,920.5,887.0,747.2
127,118,Goldeen,Water,,320,45,67,60,35,50,63,1,False,False,Water,139,920.5,887.0,747.2
696,635,Hydreigon,Dark,Dragon,600,92,105,90,125,90,98,5,False,True,Dark/Dragon,13,971.5,1047.0,747.0
445,400,Bibarel,Normal,Water,410,79,85,60,55,60,71,4,False,True,Normal/Water,100,975.0,994.0,742.1
404,369,Relicanth,Water,Rock,485,100,90,130,45,65,55,3,False,True,Water/Rock,152,1142.0,1189.0,742.05
574,515,Panpour,Water,,316,50,53,48,53,48,64,5,False,False,Water,139,920.5,887.0,737.86
499,449,Hippopotas,Ground,,330,68,72,78,38,42,32,4,False,False,Ground,77,1031.5,1008.0,737.55
250,231,Phanpy,Ground,,330,90,60,60,40,40,40,2,False,False,Ground,77,1031.5,1008.0,737.55
438,393,Piplup,Water,,314,53,51,53,61,56,40,4,False,False,Water,139,920.5,887.0,733.19
172,158,Totodile,Water,,314,50,65,64,44,48,43,2,False,False,Water,139,920.5,887.0,733.19
724,656,Froakie,Water,,314,41,56,40,62,44,71,6,False,False,Water,139,920.5,887.0,733.19
9,7,Squirtle,Water,,314,44,48,65,50,64,43,1,False,False,Water,139,920.5,887.0,733.19
588,529,Drilbur,Ground,,328,60,85,40,30,45,68,5,False,False,Ground,77,1031.5,1008.0,733.08
680,619,Mienfoo,Fighting,,350,45,85,50,55,50,65,5,False,False,Fighting,42,1004.5,995.5,731.5
331,305,Lairon,Steel,Rock,430,60,90,140,50,50,40,3,False,True,Steel/Rock,138,1129.5,1159.5,731.0
579,520,Tranquill,Normal,Flying,358,62,77,62,50,42,65,5,False,True,Normal/Flying,96,999.0,995.0,730.32
179,165,Ledyba,Bug,Flying,265,40,20,30,40,80,55,2,False,True,Bug/Flying,4,1129.5,1054.0,730.075
328,303,Mawile,Steel,Fairy,380,50,85,85,55,55,50,3,False,True,Steel/Fairy,132,1051.0,1059.0,729.6
261,242,Blissey,Normal,,540,255,10,10,75,135,55,2,False,False,Normal,93,778.0,843.0,729.0
155,143,Snorlax,Normal,,540,160,110,65,65,110,30,1,False,False,Normal,93,778.0,843.0,729.0
742,674,Pancham,Fighting,,348,67,82,62,46,48,43,6,False,False,Fighting,42,1004.5,995.5,727.32
342,313,Volbeat,Bug,,400,65,73,55,47,75,85,3,False,False,Bug,0,958.5,977.0,726.0
343,314,Illumise,Bug,,400,65,47,55,73,75,85,3,False,False,Bug,0,958.5,977.0,726.0
502,452,Drapion,Poison,Dark,500,70,90,110,60,75,95,4,False,True,Poison/Dark,103,1049.0,1104.0,725.0
280,258,Mudkip,Water,,310,50,70,50,50,50,40,3,False,False,Water,139,920.5,887.0,723.85
525,474,Porygon-Z,Normal,,535,85,80,70,135,75,90,4,False,False,Normal,93,778.0,843.0,722.25
192,178,Xatu,Psychic,Flying,470,65,75,70,95,70,95,2,False,True,Psychic/Flying,114,1038.5,1085.0,721.45
560,501,Oshawott,Water,,308,55,55,45,63,45,45,5,False,False,Water,139,920.5,887.0,719.18
373,341,Corphish,Water,,308,43,80,65,50,35,35,3,False,False,Water,139,920.5,887.0,719.18
257,238,Smoochum,Ice,Psychic,305,45,30,15,85,65,65,2,False,True,Ice/Psychic,91,1172.5,1137.0,718.275
90,83,Farfetch'd,Normal,Flying,352,52,65,55,58,62,60,1,False,True,Normal/Flying,96,999.0,995.0,718.08
112,104,Cubone,Ground,,320,50,50,95,40,50,35,1,False,False,Ground,77,1031.5,1008.0,715.2
688,627,Rufflet,Normal,Flying,350,70,83,50,37,50,60,5,False,True,Normal/Flying,96,999.0,995.0,714.0
585,526,Gigalith,Rock,,515,85,135,130,60,80,25,5,False,False,Rock,117,1029.0,1090.5,713.275
70,65,Alakazam,Psychic,,500,55,50,45,135,95,120,1,False,False,Psychic,109,875.5,933.0,712.5
97,90,Shellder,Water,,305,30,65,100,45,25,40,1,False,False,Water,139,920.5,887.0,712.175
21,17,Pidgeotto,Normal,Flying,349,63,60,55,50,50,71,1,False,True,Normal/Flying,96,999.0,995.0,711.96
697,636,Larvesta,Bug,Fire,360,55,85,55,50,55,60,5,False,True,Bug/Fire,3,1141.0,1143.5,711.0
485,437,Bronzong,Steel,Psychic,500,67,89,116,79,116,33,4,False,True,Steel/Psychic,137,1040.5,1099.0,707.5
540,483,Dialga,Steel,Dragon,680,100,120,120,150,100,90,4,True,True,Steel/Dragon,131,972.5,1068.5,707.2
265,246,Larvitar,Rock,Ground,300,50,64,50,45,50,41,2,False,True,Rock/Ground,125,1215.0,1179.5,706.5
80,74,Geodude,Rock,Ground,300,40,80,100,30,30,20,1,False,True,Rock/Ground,125,1215.0,1179.5,706.5
643,582,Vanillite,Ice,,305,36,50,50,65,60,44,5,False,False,Ice,87,1030.0,998.5,706.075
674,613,Cubchoo,Ice,,305,55,70,40,60,40,40,5,False,False,Ice,87,1030.0,998.5,706.075
788,712,Bergmite,Ice,,304,55,69,85,32,35,28,6,False,False,Ice,87,1030.0,998.5,703.76
241,223,Remoraid,Water,,300,35,65,35,65,35,65,2,False,False,Water,139,920.5,887.0,700.5
65,60,Poliwag,Water,,300,40,50,40,40,40,90,1,False,False,Water,139,920.5,887.0,700.5
117,109,Koffing,Poison,,340,40,65,95,60,45,35,1,False,False,Poison,101,889.5,883.5,700.4
637,576,Gothitelle,Psychic,,490,70,55,95,95,110,65,5,False,False,Psychic,109,875.5,933.0,698.25
640,579,Reuniclus,Psychic,,490,110,65,75,125,85,30,5,False,False,Psychic,109,875.5,933.0,698.25
154,142,AerodactylMega Aerodactyl,Rock,Flying,615,80,135,85,70,95,150,1,False,True,Rock/Flying,123,1169.5,1256.0,698.025
447,402,Kricketune,Bug,,384,77,85,51,55,51,65,4,False,False,Bug,0,958.5,977.0,696.96
78,72,Tentacool,Water,Poison,335,40,40,35,50,100,70,1,False,True,Water/Poison,150,1102.0,1094.0,696.8
514,463,Lickilicky,Normal,,515,110,85,95,80,95,50,4,False,False,Normal,93,778.0,843.0,695.25
252,233,Porygon2,Normal,,515,85,80,90,105,95,60,2,False,False,Normal,93,778.0,843.0,695.25
572,513,Pansear,Fire,,316,50,53,48,53,48,64,5,False,False,Fire,47,973.5,953.5,695.2
483,435,Skuntank,Poison,Dark,479,103,93,67,71,61,84,4,False,True,Poison/Dark,103,1049.0,1104.0,694.55
395,361,Snorunt,Ice,,300,50,50,50,50,50,50,3,False,False,Ice,87,1030.0,998.5,694.5
577,518,Musharna,Psychic,,487,116,55,85,107,95,29,5,False,False,Psychic,109,875.5,933.0,693.975
442,397,Staravia,Normal,Flying,340,55,75,50,40,40,80,4,False,True,Normal/Flying,96,999.0,995.0,693.6
614,554,Darumaka,Fire,,315,70,90,45,15,45,50,5,False,False,Fire,47,973.5,953.5,693.0
667,606,Beheeyem,Psychic,,485,75,75,75,125,95,40,5,False,False,Psychic,109,875.5,933.0,691.125
668,607,Litwick,Ghost,Fire,275,50,30,55,65,55,20,5,False,True,Ghost/Fire,62,1143.0,1092.5,688.875
125,116,Horsea,Water,,295,30,40,70,70,25,60,1,False,False,Water,139,920.5,887.0,688.825
105,97,Hypno,Psychic,,483,85,73,70,73,115,67,1,False,False,Psychic,109,875.5,933.0,688.275
595,535,Tympole,Water,,294,50,50,40,50,40,64,5,False,False,Water,139,920.5,887.0,686.49
454,409,Rampardos,Rock,,495,97,165,60,65,50,58,4,False,False,Rock,117,1029.0,1090.5,685.575
276,255,Torchic,Fire,,310,45,60,40,70,50,45,3,False,False,Fire,47,973.5,953.5,682.0
761,691,Dragalge,Poison,Dragon,494,65,75,90,97,123,44,6,False,True,Poison/Dragon,104,978.5,1040.5,681.72
360,329,Vibrava,Ground,Dragon,340,50,70,50,50,50,70,3,False,True,Ground/Dragon,79,1113.0,1112.5,681.7
366,334,AltariaMega Altaria,Dragon,Fairy,590,75,110,110,110,105,80,3,False,True,Dragon/Fairy,23,945.5,1030.0,681.45
169,155,Cyndaquil,Fire,,309,39,52,43,60,50,65,2,False,False,Fire,47,973.5,953.5,679.8
4,4,Charmander,Fire,,309,39,52,43,60,50,65,1,False,False,Fire,47,973.5,953.5,679.8
435,390,Chimchar,Fire,,309,44,58,44,58,44,61,4,False,False,Fire,47,973.5,953.5,679.8
629,568,Trubbish,Poison,,329,50,50,62,40,62,65,5,False,False,Poison,101,889.5,883.5,677.74
557,498,Tepig,Fire,,308,65,63,45,45,45,45,5,False,False,Fire,47,973.5,953.5,677.6
721,653,Fennekin,Fire,,307,40,45,40,62,60,60,6,False,False,Fire,47,973.5,953.5,675.4
235,217,Ursaring,Normal,,500,90,130,75,75,75,55,2,False,False,Normal,93,778.0,843.0,675.0
567,508,Stoutland,Normal,,500,85,110,90,45,90,80,5,False,False,Normal,93,778.0,843.0,675.0
462,415,Combee,Bug,Flying,244,30,30,42,30,42,70,4,False,True,Bug/Flying,4,1129.5,1054.0,672.22
32,27,Sandshrew,Ground,,300,50,75,85,20,30,40,1,False,False,Ground,77,1031.5,1008.0,670.5
357,326,Grumpig,Psychic,,470,80,45,65,90,110,80,3,False,False,Psychic,109,875.5,933.0,669.75
95,88,Grimer,Poison,,325,80,80,50,40,50,25,1,False,False,Poison,101,889.5,883.5,669.5
760,690,Skrelp,Poison,Water,320,50,60,60,60,60,30,6,False,True,Poison/Water,108,1102.0,1094.0,665.6
746,678,MeowsticMale,Psychic,,466,74,48,76,83,81,104,6,False,False,Psychic,109,875.5,933.0,664.05
747,678,MeowsticFemale,Psychic,,466,74,48,76,83,81,104,6,False,False,Psychic,109,875.5,933.0,664.05
612,552,Krokorok,Ground,Dark,351,60,82,45,45,45,74,5,False,True,Ground/Dark,78,1182.0,1193.0,663.39
685,624,Pawniard,Dark,Steel,340,45,85,70,40,40,60,5,False,True,Dark/Steel,20,1055.0,1060.0,663.0
123,115,Kangaskhan,Normal,,490,105,95,80,40,80,90,1,False,False,Normal,93,778.0,843.0,661.5
687,626,Bouffalant,Normal,,490,95,110,95,40,95,55,5,False,False,Normal,93,778.0,843.0,661.5
319,295,Exploud,Normal,,490,104,91,63,91,73,68,3,False,False,Normal,93,778.0,843.0,661.5
138,128,Tauros,Normal,,490,75,100,95,40,70,110,1,False,False,Normal,93,778.0,843.0,661.5
260,241,Miltank,Normal,,490,95,80,105,40,70,100,2,False,False,Normal,93,778.0,843.0,661.5
700,639,Terrakion,Rock,Fighting,580,91,129,90,72,90,108,5,True,True,Rock/Fighting,122,1244.0,1330.0,661.2
267,248,Tyranitar,Rock,Dark,600,100,134,110,95,100,61,2,False,True,Rock/Dark,119,1158.0,1248.0,660.0
238,220,Swinub,Ice,Ground,250,50,50,40,30,30,50,2,False,True,Ice/Ground,90,1292.0,1228.0,660.0
631,570,Zorua,Dark,,330,40,65,40,80,40,65,5,False,False,Dark,12,911.0,911.5,658.35
42,37,Vulpix,Fire,,299,38,41,40,50,65,65,1,False,False,Fire,47,973.5,953.5,657.8
186,172,Pichu,Electric,,205,20,40,15,35,35,60,2,False,False,Electric,29,965.0,845.5,654.975
2,3,Venusaur,Grass,Poison,525,80,82,83,100,100,80,1,False,True,Grass/Poison,74,1134.0,1209.5,653.625
198,183,Marill,Water,Fairy,250,70,20,50,20,50,40,2,False,True,Water/Fairy,143,1096.0,1035.0,652.5
587,528,Swoobat,Psychic,Flying,425,67,57,55,77,55,114,5,False,True,Psychic/Flying,114,1038.5,1085.0,652.375
434,389,Torterra,Grass,Ground,525,95,109,105,75,85,56,4,False,True,Grass/Ground,72,1177.5,1253.5,651.0
471,424,Ambipom,Normal,,482,75,100,66,60,66,115,4,False,False,Normal,93,778.0,843.0,650.7
376,344,Claydol,Ground,Psychic,500,60,70,105,70,120,75,3,False,True,Ground/Psychic,84,1111.0,1181.0,650.0
307,283,Surskit,Bug,Water,269,40,30,32,50,52,65,3,False,True,Bug/Water,11,1184.0,1143.0,648.29
359,328,Trapinch,Ground,,290,45,100,45,45,45,10,3,False,False,Ground,77,1031.5,1008.0,648.15
475,428,Lopunny,Normal,,480,65,76,84,54,96,105,4,False,False,Normal,93,778.0,843.0,648.0
628,567,Archeops,Rock,Flying,567,75,140,65,112,65,110,5,False,True,Rock/Flying,123,1169.5,1256.0,643.545
452,407,Roserade,Grass,Poison,515,60,70,65,125,105,90,4,False,True,Grass/Poison,74,1134.0,1209.5,641.175
19,15,BeedrillMega Beedrill,Bug,Poison,495,65,150,40,15,80,145,1,False,True,Bug/Poison,8,1040.0,1111.0,638.55
509,459,Snover,Grass,Ice,334,60,62,50,62,60,40,4,False,True,Grass/Ice,73,1205.0,1214.0,637.94
592,532,Timburr,Fighting,,305,75,80,55,25,35,35,5,False,False,Fighting,42,1004.5,995.5,637.45
72,66,Machop,Fighting,,305,70,80,50,35,35,35,1,False,False,Fighting,42,1004.5,995.5,637.45
61,56,Mankey,Fighting,,305,40,80,35,35,45,70,1,False,False,Fighting,42,1004.5,995.5,637.45
744,676,Furfrou,Normal,,472,75,80,60,65,90,102,6,False,False,Normal,93,778.0,843.0,637.2
634,573,Cinccino,Normal,,470,75,95,60,65,60,115,5,False,False,Normal,93,778.0,843.0,634.5
364,333,Swablu,Normal,Flying,310,45,40,60,40,75,50,3,False,True,Normal/Flying,96,999.0,995.0,632.4
91,84,Doduo,Normal,Flying,310,35,85,45,35,35,75,1,False,True,Normal/Flying,96,999.0,995.0,632.4
398,363,Spheal,Ice,Water,290,70,40,50,55,50,25,3,False,True,Ice/Water,92,1149.5,1131.5,632.2
253,234,Stantler,Normal,,465,73,95,62,85,65,85,2,False,False,Normal,93,778.0,843.0,627.75
605,545,Scolipede,Bug,Poison,485,60,100,89,55,69,112,5,False,True,Bug/Poison,8,1040.0,1111.0,625.65
347,318,Carvanha,Water,Dark,305,45,90,20,65,20,65,3,False,True,Water/Dark,140,1098.0,1093.0,625.25
202,187,Hoppip,Grass,Flying,250,35,35,40,35,55,50,2,False,True,Grass/Flying,71,1210.5,1160.5,625.0
345,316,Gulpin,Poison,,302,70,43,53,43,53,40,3,False,False,Poison,101,889.5,883.5,622.12
367,335,Zangoose,Normal,,458,73,115,60,60,60,90,3,False,False,Normal,93,778.0,843.0,618.3
768,698,Amaura,Rock,Ice,362,77,59,50,67,63,46,6,False,True,Rock/Ice,126,1211.5,1241.0,617.21
189,175,Togepi,Fairy,,245,35,20,65,40,65,20,2,False,False,Fairy,40,923.5,872.5,614.95
790,714,Noibat,Flying,Dragon,245,40,30,35,45,40,55,6,False,True,Flying/Dragon,58,1055.5,1004.5,614.95
480,432,Purugly,Normal,,452,71,82,64,64,59,112,4,False,False,Normal,93,778.0,843.0,610.2
50,45,Vileplume,Grass,Poison,490,75,80,85,110,90,50,1,False,True,Grass/Poison,74,1134.0,1209.5,610.05
77,71,Victreebel,Grass,Poison,490,80,105,65,100,70,70,1,False,True,Grass/Poison,74,1134.0,1209.5,610.05
121,113,Chansey,Normal,,450,250,5,5,35,105,50,1,False,False,Normal,93,778.0,843.0,607.5
371,339,Barboach,Water,Ground,288,50,48,43,46,41,60,3,False,True,Water/Ground,148,1102.5,1092.0,606.24
550,492,ShayminLand Forme,Grass,,600,100,100,100,100,100,100,4,True,False,Grass,66,922.5,1021.5,606.0
391,358,Chimecho,Psychic,,425,65,50,70,95,80,65,3,False,False,Psychic,109,875.5,933.0,605.625
85,79,Slowpoke,Water,Psychic,315,90,65,65,40,40,15,1,False,True,Water/Psychic,151,1078.0,1087.0,601.65
440,395,Empoleon,Water,Steel,530,84,86,88,111,101,60,4,False,True,Water/Steel,153,1015.5,1102.0,601.55
491,443,Gible,Dragon,Ground,300,58,70,45,40,45,42,4,False,True,Dragon/Ground,26,1113.0,1112.5,601.5
590,531,Audino,Normal,,445,103,60,86,60,86,50,5,False,False,Normal,93,778.0,843.0,600.75
314,290,Nincada,Bug,Ground,266,31,45,90,30,30,40,3,False,True,Bug/Ground,7,1255.0,1230.0,598.5
496,447,Riolu,Fighting,,285,40,70,40,35,40,60,4,False,False,Fighting,42,1004.5,995.5,595.65
455,410,Shieldon,Rock,Steel,350,30,42,118,42,88,30,4,False,True,Rock/Steel,128,1129.5,1159.5,595.0
411,375,Metang,Steel,Psychic,420,60,75,100,55,80,50,3,False,True,Steel/Psychic,137,1040.5,1099.0,594.3
312,288,Vigoroth,Normal,,440,80,80,80,55,55,90,3,False,False,Normal,93,778.0,843.0,594.0
58,53,Persian,Normal,,440,65,70,60,65,65,115,1,False,False,Normal,93,778.0,843.0,594.0
384,352,Kecleon,Normal,,440,60,90,70,60,120,40,3,False,False,Normal,93,778.0,843.0,594.0
28,23,Ekans,Poison,,288,35,60,44,40,54,55,1,False,False,Poison,101,889.5,883.5,593.28
780,710,PumpkabooAverage Size,Ghost,Grass,335,49,66,70,44,55,51,6,False,True,Ghost/Grass,64,1144.0,1167.0,592.95
781,710,PumpkabooSmall Size,Ghost,Grass,335,44,66,70,44,55,56,6,False,True,Ghost/Grass,64,1144.0,1167.0,592.95
782,710,PumpkabooLarge Size,Ghost,Grass,335,54,66,70,44,55,46,6,False,True,Ghost/Grass,64,1144.0,1167.0,592.95
783,710,PumpkabooSuper Size,Ghost,Grass,335,59,66,70,44,55,41,6,False,True,Ghost/Grass,64,1144.0,1167.0,592.95
55,50,Diglett,Ground,,265,10,55,25,35,45,95,1,False,False,Ground,77,1031.5,1008.0,592.275
735,667,Litleo,Fire,Normal,369,62,50,58,73,54,72,6,False,True,Fire/Normal,52,1031.5,1071.0,592.245
671,610,Axew,Dragon,,320,46,87,60,30,40,57,5,False,False,Dragon,21,831.0,846.0,592.0
334,307,Meditite,Fighting,Psychic,280,30,40,55,40,55,60,3,False,True,Fighting/Psychic,45,1166.0,1157.0,585.2
715,648,MeloettaAria Forme,Normal,Psychic,600,100,77,77,128,128,90,5,False,True,Normal/Psychic,99,910.5,1013.0,585.0
153,142,Aerodactyl,Rock,Flying,515,80,105,65,60,75,130,1,False,True,Rock/Flying,123,1169.5,1256.0,584.525
240,222,Corsola,Water,Rock,380,55,55,85,65,85,35,2,False,True,Water/Rock,152,1142.0,1189.0,581.4
230,213,Shuckle,Bug,Rock,505,20,10,230,10,230,5,2,False,True,Bug/Rock,9,1229.0,1314.0,580.75
54,49,Venomoth,Bug,Poison,450,70,65,60,90,75,90,1,False,True,Bug/Poison,8,1040.0,1111.0,580.5
652,591,Amoonguss,Grass,Poison,464,114,85,70,85,80,30,5,False,True,Grass/Poison,74,1134.0,1209.5,577.68
246,228,Houndour,Dark,Fire,330,45,60,30,80,50,65,2,False,True,Dark/Fire,15,1143.0,1168.0,577.5
217,202,Wobbuffet,Psychic,,405,190,33,58,33,58,33,2,False,False,Psychic,109,875.5,933.0,577.125
756,686,Inkay,Dark,Psychic,288,53,54,53,37,46,45,6,False,True,Dark/Psychic,19,1033.0,1034.0,573.12
649,588,Karrablast,Bug,,315,50,75,45,40,45,60,5,False,False,Bug,0,958.5,977.0,571.725
297,274,Nuzleaf,Grass,Dark,340,70,70,40,60,40,60,3,False,True,Grass/Dark,67,1144.0,1176.0,571.2
69,64,Kadabra,Psychic,,400,40,35,30,120,70,105,1,False,False,Psychic,109,875.5,933.0,570.0
380,348,Armaldo,Rock,Bug,495,75,125,100,70,80,45,3,False,True,Rock/Bug,118,1229.0,1314.0,569.25
200,185,Sudowoodo,Rock,,410,70,100,115,30,65,30,2,False,False,Rock,117,1029.0,1090.5,567.85
729,661,Fletchling,Normal,Flying,278,45,50,43,40,38,62,6,False,True,Normal/Flying,96,999.0,995.0,567.12
287,264,Linoone,Normal,,420,78,70,61,50,61,100,3,False,False,Normal,93,778.0,843.0,567.0
383,351,Castform,Normal,,420,70,70,70,70,70,70,3,False,False,Normal,93,778.0,843.0,567.0
564,505,Watchog,Normal,,420,60,85,69,60,69,77,5,False,False,Normal,93,778.0,843.0,567.0
34,29,Nidoran♀,Poison,,275,55,47,52,40,40,41,1,False,False,Poison,101,889.5,883.5,566.5
37,32,Nidoran♂,Poison,,273,46,57,40,40,40,50,1,False,False,Poison,101,889.5,883.5,562.38
330,304,Aron,Steel,Rock,330,50,70,100,40,40,30,3,False,True,Steel/Rock,138,1129.5,1159.5,561.0
568,509,Purrloin,Dark,,281,41,50,37,50,37,66,5,False,False,Dark,12,911.0,911.5,560.595
176,162,Furret,Normal,,415,85,76,64,45,55,90,2,False,False,Normal,93,778.0,843.0,560.25
221,206,Dunsparce,Normal,,415,100,70,70,65,65,45,2,False,False,Normal,93,778.0,843.0,560.25
25,20,Raticate,Normal,,413,55,81,60,50,70,97,1,False,False,Normal,93,778.0,843.0,557.55
636,575,Gothorita,Psychic,,390,60,45,70,75,85,55,5,False,False,Psychic,109,875.5,933.0,555.75
159,147,Dratini,Dragon,,300,41,64,45,50,50,50,1,False,False,Dragon,21,831.0,846.0,555.0
774,704,Goomy,Dragon,,300,45,50,35,55,75,40,6,False,False,Dragon,21,831.0,846.0,555.0
406,371,Bagon,Dragon,,300,45,75,60,40,30,50,3,False,False,Dragon,21,831.0,846.0,555.0
677,616,Shelmet,Bug,,305,50,40,85,40,65,25,5,False,False,Bug,0,958.5,977.0,553.575
611,551,Sandile,Ground,Dark,292,50,72,35,35,35,65,5,False,True,Ground/Dark,78,1182.0,1193.0,551.88
299,276,Taillow,Normal,Flying,270,40,55,30,30,30,85,3,False,True,Normal/Flying,96,999.0,995.0,550.8
236,218,Slugma,Fire,,250,40,40,40,70,40,20,2,False,False,Fire,47,973.5,953.5,550.0
420,381,LatiosMega Latios,Dragon,Psychic,700,80,130,100,160,120,110,3,True,True,Dragon/Psychic,28,959.5,1081.0,549.5
418,380,LatiasMega Latias,Dragon,Psychic,700,80,100,120,140,150,110,3,True,True,Dragon/Psychic,28,959.5,1081.0,549.5
187,173,Cleffa,Fairy,,218,50,25,28,45,55,15,2,False,False,Fairy,40,923.5,872.5,547.18
778,708,Phantump,Ghost,Grass,309,43,70,48,50,60,38,6,False,True,Ghost/Grass,64,1144.0,1167.0,546.93
619,558,Crustle,Bug,Rock,475,70,95,125,65,75,45,5,False,True,Bug/Rock,9,1229.0,1314.0,546.25
625,564,Tirtouga,Water,Rock,355,54,78,103,53,45,22,5,False,True,Water/Rock,152,1142.0,1189.0,543.15
149,138,Omanyte,Rock,Water,355,35,40,100,90,55,35,1,False,True,Rock/Water,129,1142.0,1189.0,543.15
151,140,Kabuto,Rock,Water,355,30,80,90,55,45,55,1,False,True,Rock/Water,129,1142.0,1189.0,543.15
516,465,Tangrowth,Grass,,535,100,100,125,110,50,50,4,False,False,Grass,66,922.5,1021.5,540.35
584,525,Boldore,Rock,,390,70,105,105,50,40,20,5,False,False,Rock,117,1029.0,1090.5,540.15
578,519,Pidove,Normal,Flying,264,50,55,50,36,30,43,5,False,True,Normal/Flying,96,999.0,995.0,538.56
741,673,Gogoat,Grass,,531,123,100,62,97,81,68,6,False,False,Grass,66,922.5,1021.5,536.31
274,254,Sceptile,Grass,,530,70,85,65,105,85,120,3,False,False,Grass,66,922.5,1021.5,535.3
26,21,Spearow,Normal,Flying,262,40,60,30,31,31,70,1,False,True,Normal/Flying,96,999.0,995.0,534.48
177,163,Hoothoot,Normal,Flying,262,60,30,30,36,56,50,2,False,True,Normal/Flying,96,999.0,995.0,534.48
556,497,Serperior,Grass,,528,75,75,95,75,95,113,5,False,False,Grass,66,922.5,1021.5,533.28
148,137,Porygon,Normal,,395,65,60,70,85,75,40,1,False,False,Normal,93,778.0,843.0,533.25
168,154,Meganium,Grass,,525,80,82,100,83,100,80,2,False,False,Grass,66,922.5,1021.5,530.25
521,470,Leafeon,Grass,,525,65,110,130,60,65,95,4,False,False,Grass,66,922.5,1021.5,530.25
639,578,Duosion,Psychic,,370,65,40,50,125,60,30,5,False,False,Psychic,109,875.5,933.0,527.25
495,446,Munchlax,Normal,,390,135,85,40,40,85,5,4,False,False,Normal,93,778.0,843.0,526.5
219,204,Pineco,Bug,,290,50,65,90,35,35,15,2,False,False,Bug,0,958.5,977.0,526.35
695,634,Zweilous,Dark,Dragon,420,72,85,70,65,70,58,5,False,True,Dark/Dragon,13,971.5,1047.0,522.9
487,439,Mime Jr.,Psychic,Fairy,310,20,25,45,70,90,60,4,False,True,Psychic/Fairy,111,1001.5,1033.0,522.35
116,108,Lickitung,Normal,,385,90,55,75,60,75,30,1,False,False,Normal,93,778.0,843.0,519.75
323,299,Nosepass,Rock,,375,30,45,135,45,90,30,3,False,False,Rock,117,1029.0,1090.5,519.375
325,301,Delcatty,Normal,,380,70,65,65,55,55,70,3,False,False,Normal,93,778.0,843.0,513.0
20,16,Pidgey,Normal,Flying,251,40,45,40,35,35,56,1,False,True,Normal/Flying,96,999.0,995.0,512.04
606,546,Cottonee,Grass,Fairy,280,40,27,60,37,50,66,5,False,True,Grass/Fairy,69,1119.5,1137.0,511.0
18,15,Beedrill,Bug,Poison,395,65,90,40,45,80,75,1,False,True,Bug/Poison,8,1040.0,1111.0,509.55
745,677,Espurr,Psychic,,355,62,48,54,63,60,68,6,False,False,Psychic,109,875.5,933.0,505.875
110,102,Exeggcute,Grass,Psychic,325,60,40,80,60,45,40,1,False,True,Grass/Psychic,75,1122.5,1167.0,505.375
1,2,Ivysaur,Grass,Poison,405,60,62,63,80,80,60,1,False,True,Grass/Poison,74,1134.0,1209.5,504.225
44,39,Jigglypuff,Normal,Fairy,270,115,45,20,45,25,20,1,False,True,Normal/Fairy,94,945.5,959.0,503.55
182,168,Ariados,Bug,Poison,390,70,90,70,60,60,40,2,False,True,Bug/Poison,8,1040.0,1111.0,503.1
571,512,Simisage,Grass,,498,75,98,63,98,63,101,5,False,False,Grass,66,922.5,1021.5,502.98
441,396,Starly,Normal,Flying,245,40,55,30,30,30,60,4,False,True,Normal/Flying,96,999.0,995.0,499.8
566,507,Herdier,Normal,,370,65,80,65,35,65,60,5,False,False,Normal,93,778.0,843.0,499.5
344,315,Roselia,Grass,Poison,400,50,60,45,100,80,65,3,False,True,Grass/Poison,74,1134.0,1209.5,498.0
292,269,Dustox,Bug,Poison,385,60,50,70,50,90,65,3,False,True,Bug/Poison,8,1040.0,1111.0,496.65
320,296,Makuhita,Fighting,,237,72,60,30,20,30,25,3,False,False,Fighting,42,1004.5,995.5,495.33
197,182,Bellossom,Grass,,490,75,80,95,90,100,50,2,False,False,Grass,66,922.5,1021.5,494.9
49,44,Gloom,Grass,Poison,395,60,65,70,85,75,40,1,False,True,Grass/Poison,74,1134.0,1209.5,491.775
191,177,Natu,Psychic,Flying,320,40,50,45,70,45,70,2,False,True,Psychic/Flying,114,1038.5,1085.0,491.2
205,190,Aipom,Normal,,360,55,70,55,40,55,85,2,False,False,Normal,93,778.0,843.0,486.0
318,294,Loudred,Normal,,360,84,71,43,71,43,48,3,False,False,Normal,93,778.0,843.0,486.0
358,327,Spinda,Normal,,360,60,60,60,60,60,60,3,False,False,Normal,93,778.0,843.0,486.0
76,70,Weepinbell,Grass,Poison,390,65,90,50,85,45,55,1,False,True,Grass/Poison,74,1134.0,1209.5,485.55
609,549,Lilligant,Grass,,480,70,60,75,110,75,90,5,False,False,Grass,66,922.5,1021.5,484.8
453,408,Cranidos,Rock,,350,67,125,40,30,30,58,4,False,False,Rock,117,1029.0,1090.5,484.75
46,41,Zubat,Poison,Flying,245,40,45,35,30,40,55,1,False,True,Poison/Flying,106,1037.0,1040.5,481.425
586,527,Woobat,Psychic,Flying,313,55,45,43,55,43,72,5,False,True,Psychic/Flying,114,1038.5,1085.0,480.455
216,201,Unown,Psychic,,336,48,72,48,72,48,48,2,False,False,Psychic,109,875.5,933.0,478.8
666,605,Elgyem,Psychic,,335,55,55,55,85,55,30,5,False,False,Psychic,109,875.5,933.0,477.375
482,434,Stunky,Poison,Dark,329,63,63,47,41,41,74,4,False,True,Poison/Dark,103,1049.0,1104.0,477.05
474,427,Buneary,Normal,,350,55,66,44,44,56,85,4,False,False,Normal,93,778.0,843.0,472.5
417,380,Latias,Dragon,Psychic,600,80,80,90,110,130,110,3,True,True,Dragon/Psychic,28,959.5,1081.0,471.0
419,381,Latios,Dragon,Psychic,600,80,90,80,130,110,110,3,True,True,Dragon/Psychic,28,959.5,1081.0,471.0
356,325,Spoink,Psychic,,330,60,25,35,70,80,60,3,False,False,Psychic,109,875.5,933.0,470.25
304,281,Kirlia,Psychic,Fairy,278,38,35,35,65,55,50,3,False,True,Psychic/Fairy,111,1001.5,1033.0,468.43
758,688,Binacle,Rock,Water,306,42,52,67,39,56,50,6,False,True,Rock/Water,129,1142.0,1189.0,468.18
104,96,Drowzee,Psychic,,328,60,48,45,43,90,42,1,False,False,Psychic,109,875.5,933.0,467.4
381,349,Feebas,Water,,200,20,15,20,10,55,80,3,False,False,Water,139,920.5,887.0,467.0
139,129,Magikarp,Water,,200,20,10,55,15,20,80,1,False,False,Water,139,920.5,887.0,467.0
617,556,Maractus,Grass,,461,75,86,67,106,67,60,5,False,False,Grass,66,922.5,1021.5,465.61
604,544,Whirlipede,Bug,Poison,360,40,55,99,40,79,47,5,False,True,Bug/Poison,8,1040.0,1111.0,464.4
505,455,Carnivine,Grass,,454,74,100,72,90,72,46,4,False,False,Grass,66,922.5,1021.5,458.54
659,598,Ferrothorn,Grass,Steel,489,74,94,131,54,116,20,5,False,True,Grass/Steel,76,1067.0,1173.5,457.215
627,566,Archen,Rock,Flying,401,55,112,45,74,45,70,5,False,True,Rock/Flying,123,1169.5,1256.0,455.135
468,421,Cherrim,Grass,,450,70,60,70,87,78,85,4,False,False,Grass,66,922.5,1021.5,454.5
234,216,Teddiursa,Normal,,330,60,80,50,50,50,40,2,False,False,Normal,93,778.0,843.0,445.5
218,203,Girafarig,Normal,Psychic,455,70,80,65,90,65,85,2,False,True,Normal/Psychic,99,910.5,1013.0,443.625
209,194,Wooper,Water,Ground,210,55,45,45,25,25,15,2,False,True,Water/Ground,148,1102.5,1092.0,442.05
68,63,Abra,Psychic,,310,25,20,15,105,55,90,1,False,False,Psychic,109,875.5,933.0,441.75
122,114,Tangela,Grass,,435,65,55,115,100,40,60,1,False,False,Grass,66,922.5,1021.5,439.35
284,261,Poochyena,Dark,,220,35,55,35,30,30,35,3,False,False,Dark,12,911.0,911.5,438.9
255,236,Tyrogue,Fighting,,210,35,35,35,35,35,35,2,False,False,Fighting,42,1004.5,995.5,438.9
144,133,Eevee,Normal,,325,55,55,50,45,65,55,1,False,False,Normal,93,778.0,843.0,438.75
207,192,Sunflora,Grass,,425,75,75,55,105,85,30,2,False,False,Grass,66,922.5,1021.5,429.25
501,451,Skorupi,Poison,Bug,330,40,50,90,30,55,65,4,False,True,Poison/Bug,102,1040.0,1111.0,425.7
484,436,Bronzor,Steel,Psychic,300,57,24,86,24,86,23,4,False,True,Steel/Psychic,137,1040.5,1099.0,424.5
410,374,Beldum,Steel,Psychic,300,40,55,80,35,60,30,3,False,True,Steel/Psychic,137,1040.5,1099.0,424.5
316,292,Shedinja,Bug,Ghost,236,1,90,45,30,30,40,3,False,True,Bug/Ghost,5,1059.0,1081.0,420.08
479,431,Glameow,Normal,,310,49,55,42,42,37,85,4,False,False,Normal,93,778.0,843.0,418.5
555,496,Servine,Grass,,413,60,60,75,60,75,83,5,False,False,Grass,66,922.5,1021.5,417.13
576,517,Munna,Psychic,,292,76,25,45,67,55,24,5,False,False,Psychic,109,875.5,933.0,416.1
638,577,Solosis,Psychic,,290,45,30,40,105,50,20,5,False,False,Psychic,109,875.5,933.0,413.25
635,574,Gothita,Psychic,,290,45,30,50,55,65,45,5,False,False,Psychic,109,875.5,933.0,413.25
167,153,Bayleef,Grass,,405,60,62,80,63,80,60,2,False,False,Grass,66,922.5,1021.5,409.05
719,651,Quilladin,Grass,,405,61,78,95,56,58,57,6,False,False,Grass,66,922.5,1021.5,409.05
273,253,Grovyle,Grass,,405,50,65,45,85,65,95,3,False,False,Grass,66,922.5,1021.5,409.05
433,388,Grotle,Grass,,405,75,89,85,55,65,36,4,False,False,Grass,66,922.5,1021.5,409.05
379,347,Anorith,Rock,Bug,355,45,95,50,40,50,75,3,False,True,Rock/Bug,118,1229.0,1314.0,408.25
457,412,Burmy,Bug,,224,40,29,45,29,45,36,4,False,False,Bug,0,958.5,977.0,406.56
481,433,Chingling,Psychic,,285,45,30,50,65,50,45,4,False,False,Psychic,109,875.5,933.0,406.125
633,572,Minccino,Normal,,300,55,50,40,40,40,75,5,False,False,Normal,93,778.0,843.0,405.0
295,272,Ludicolo,Water,Grass,480,80,70,70,90,100,70,3,False,True,Water/Grass,147,1057.5,1173.5,403.2
486,438,Bonsly,Rock,,290,50,80,95,10,45,10,4,False,False,Rock,117,1029.0,1090.5,401.65
48,43,Oddish,Grass,Poison,320,45,50,55,75,65,30,1,False,True,Grass/Poison,74,1134.0,1209.5,398.4
0,1,Bulbasaur,Grass,Poison,318,45,49,49,65,65,45,1,False,True,Grass/Poison,74,1134.0,1209.5,395.91
53,48,Venonat,Bug,Poison,305,60,55,50,40,55,45,1,False,True,Bug/Poison,8,1040.0,1111.0,393.45
188,174,Igglybuff,Normal,Fairy,210,90,30,15,40,20,15,2,False,True,Normal/Fairy,94,945.5,959.0,391.65
57,52,Meowth,Normal,,290,40,45,35,40,40,90,1,False,False,Normal,93,778.0,843.0,391.5
375,343,Baltoy,Ground,Psychic,300,40,40,55,40,70,55,3,False,True,Ground/Psychic,84,1111.0,1181.0,390.0
143,132,Ditto,Normal,,288,48,48,48,48,48,48,1,False,False,Normal,93,778.0,843.0,388.8
583,524,Roggenrola,Rock,,280,55,75,85,25,25,15,5,False,False,Rock,117,1029.0,1090.5,387.8
647,586,Sawsbuck,Normal,Grass,475,80,100,70,60,70,95,5,False,True,Normal/Grass,97,1019.5,1138.0,387.125
733,665,Spewpa,Bug,,213,45,22,60,27,30,29,6,False,False,Bug,0,958.5,977.0,386.595
311,287,Slakoth,Normal,,280,60,60,60,35,35,30,3,False,False,Normal,93,778.0,843.0,378.0
618,557,Dwebble,Bug,Rock,325,50,65,85,35,35,55,5,False,True,Bug/Rock,9,1229.0,1314.0,373.75
694,633,Deino,Dark,Dragon,300,52,65,50,45,50,38,5,False,True,Dark/Dragon,13,971.5,1047.0,373.5
75,69,Bellsprout,Grass,Poison,300,50,75,35,70,30,40,1,False,True,Grass/Poison,74,1134.0,1209.5,373.5
490,442,Spiritomb,Ghost,Dark,485,50,92,108,92,108,35,4,False,True,Ghost/Dark,60,930.0,1053.0,373.45
14,11,Metapod,Bug,,205,50,20,55,25,25,30,1,False,False,Bug,0,958.5,977.0,372.075
289,266,Silcoon,Bug,,205,50,35,55,25,25,15,3,False,False,Bug,0,958.5,977.0,372.075
291,268,Cascoon,Bug,,205,50,35,55,25,25,15,3,False,False,Bug,0,958.5,977.0,372.075
565,506,Lillipup,Normal,,275,45,60,45,25,45,55,5,False,False,Normal,93,778.0,843.0,371.25
394,360,Wynaut,Psychic,,260,95,23,48,23,48,23,3,False,False,Psychic,109,875.5,933.0,370.5
327,302,SableyeMega Sableye,Dark,Ghost,480,50,85,125,85,115,20,3,False,True,Dark/Ghost,17,930.0,1053.0,369.6
651,590,Foongus,Grass,Poison,294,69,55,45,55,55,15,5,False,True,Grass/Poison,74,1134.0,1209.5,366.03
732,664,Scatterbug,Bug,,200,38,35,40,27,25,35,6,False,False,Bug,0,958.5,977.0,363.0
322,298,Azurill,Normal,Fairy,190,50,20,40,20,40,20,3,False,True,Normal/Fairy,94,945.5,959.0,354.35
288,265,Wurmple,Bug,,195,45,45,35,20,30,20,3,False,False,Bug,0,958.5,977.0,353.925
13,10,Caterpie,Bug,,195,45,30,35,20,20,45,1,False,False,Bug,0,958.5,977.0,353.925
740,672,Skiddo,Grass,,350,66,65,48,62,57,52,6,False,False,Grass,66,922.5,1021.5,353.5
446,401,Kricketot,Bug,,194,37,25,41,25,41,25,4,False,False,Bug,0,958.5,977.0,352.11
324,300,Skitty,Normal,,260,50,45,45,35,35,50,3,False,False,Normal,93,778.0,843.0,351.0
451,406,Budew,Grass,Poison,280,40,30,35,50,70,55,4,False,True,Grass/Poison,74,1134.0,1209.5,348.6
563,504,Patrat,Normal,,255,45,55,39,35,39,42,5,False,False,Normal,93,778.0,843.0,344.25
24,19,Rattata,Normal,,253,30,56,35,25,35,72,1,False,False,Normal,93,778.0,843.0,341.55
362,331,Cacnea,Grass,,335,50,85,40,85,40,35,3,False,False,Grass,66,922.5,1021.5,338.35
254,235,Smeargle,Normal,,250,55,20,35,20,45,75,2,False,False,Normal,93,778.0,843.0,337.5
444,399,Bidoof,Normal,,250,59,45,40,35,40,31,4,False,False,Normal,93,778.0,843.0,337.5
603,543,Venipede,Bug,Poison,260,30,45,59,30,39,57,5,False,True,Bug/Poison,8,1040.0,1111.0,335.4
303,280,Ralts,Psychic,Fairy,198,28,25,25,45,35,40,3,False,True,Psychic/Fairy,111,1001.5,1033.0,333.63
286,263,Zigzagoon,Normal,,240,38,30,41,30,41,60,3,False,False,Normal,93,778.0,843.0,324.0
317,293,Whismur,Normal,,240,64,51,23,51,23,28,3,False,False,Normal,93,778.0,843.0,324.0
181,167,Spinarak,Bug,Poison,250,40,60,40,40,40,30,2,False,True,Bug/Poison,8,1040.0,1111.0,322.5
166,152,Chikorita,Grass,,318,45,49,65,49,65,45,2,False,False,Grass,66,922.5,1021.5,321.18
432,387,Turtwig,Grass,,318,55,68,64,45,55,31,4,False,False,Grass,66,922.5,1021.5,321.18
727,659,Bunnelby,Normal,,237,38,36,38,32,36,57,6,False,False,Normal,93,778.0,843.0,319.95
570,511,Pansage,Grass,,316,50,53,48,53,48,64,5,False,False,Grass,66,922.5,1021.5,319.16
718,650,Chespin,Grass,,313,56,61,65,48,45,38,6,False,False,Grass,66,922.5,1021.5,316.13
272,252,Treecko,Grass,,310,40,45,35,65,55,70,3,False,False,Grass,66,922.5,1021.5,313.1
554,495,Snivy,Grass,,308,45,45,55,45,55,63,5,False,False,Grass,66,922.5,1021.5,311.08
309,285,Shroomish,Grass,,295,60,40,60,40,60,35,3,False,False,Grass,66,922.5,1021.5,297.95
488,440,Happiny,Normal,,220,100,5,5,15,65,30,4,False,False,Normal,93,778.0,843.0,297.0
326,302,Sableye,Dark,Ghost,380,50,75,75,65,65,50,3,False,True,Dark/Ghost,17,930.0,1053.0,292.6
175,161,Sentret,Normal,,215,35,46,34,35,45,20,2,False,False,Normal,93,778.0,843.0,290.25
294,271,Lombre,Water,Grass,340,60,50,50,60,70,50,3,False,True,Water/Grass,147,1057.5,1173.5,285.6
658,597,Ferroseed,Grass,Steel,305,44,50,91,24,86,10,5,False,True,Grass/Steel,76,1067.0,1173.5,285.175
608,548,Petilil,Grass,,280,45,35,50,70,50,30,5,False,False,Grass,66,922.5,1021.5,282.8
378,346,Cradily,Rock,Grass,495,86,81,97,81,107,43,3,False,True,Rock/Grass,124,1230.5,1374.0,279.675
467,420,Cherubi,Grass,,275,45,35,45,62,53,35,4,False,False,Grass,66,922.5,1021.5,277.75
370,338,Solrock,Rock,Psychic,440,70,95,85,55,65,70,3,False,True,Rock/Psychic,127,1135.5,1273.0,275.0
369,337,Lunatone,Rock,Psychic,440,70,55,65,95,85,70,3,False,True,Rock/Psychic,127,1135.5,1273.0,275.0
646,585,Deerling,Normal,Grass,335,60,60,50,40,50,75,5,False,True,Normal/Grass,97,1019.5,1138.0,273.025
17,14,Kakuna,Bug,Poison,205,45,25,50,25,25,35,1,False,True,Bug/Poison,8,1040.0,1111.0,264.45
16,13,Weedle,Bug,Poison,195,40,35,30,20,20,50,1,False,True,Bug/Poison,8,1040.0,1111.0,251.55
767,697,Tyrantrum,Rock,Dragon,521,82,121,119,69,59,71,6,False,True,Rock/Dragon,120,1085.5,1241.0,231.845
296,273,Seedot,Grass,,220,40,40,50,30,30,30,3,False,False,Grass,66,922.5,1021.5,222.2
377,345,Lileep,Rock,Grass,355,66,41,77,61,87,23,3,False,True,Rock/Grass,124,1230.5,1374.0,200.575
293,270,Lotad,Water,Grass,220,40,30,30,40,50,30,3,False,True,Water/Grass,147,1057.5,1173.5,184.8
206,191,Sunkern,Grass,,180,30,30,30,30,30,30,2,False,False,Grass,66,922.5,1021.5,181.8
766,696,Tyrunt,Rock,Dragon,362,58,89,77,45,45,48,6,False,True,Rock/Dragon,120,1085.5,1241.0,161.09
